pair_id,actor,statement,repetition,intensity,happy_sample_id,sad_sample_id,condition_id,prompt,happy_verbalizer,sad_verbalizer,happy_token_ids,sad_token_ids,experiment_type,schedule_id,initial_patch_layer,restore_layer,clamp_end_layer,schedule_entries,patch_site,patch_kind,baseline_happy_happy_score,baseline_happy_sad_score,baseline_sad_happy_score,baseline_sad_sad_score,baseline_happy_margin,baseline_sad_margin,patched_happy_target_happy_score,patched_happy_target_sad_score,patched_sad_target_happy_score,patched_sad_target_sad_score,patched_happy_target_margin,patched_sad_target_margin,happy_effect_toward_sad,sad_effect_toward_happy,counterfactual_effect,happy_direction,sad_direction,error
pair_0000,01,01,01,01,pair_0000_happy,pair_0000_sad,upper_prompt__upper_spaced,Listen to the speech. Is the speaker HAPPY or SAD? Answer only HAPPY or SAD., HAPPY, SAD,"[86777, 56]","[328, 1808]",audio_restore,audio_restore_at_22,17,22,,"[{""layer"":17,""patch_kind"":""audio_tokens"",""source"":""donor""},{""layer"":22,""patch_kind"":""audio_tokens"",""source"":""target""}]",post_decoder_block_output,audio_tokens,-32.906497955322266,-40.61582565307617,-32.872337341308594,-40.52363204956055,7.709327697753906,7.651294708251953,-32.84325408935547,-40.69391632080078,-32.93428039550781,-40.50033187866211,7.8506622314453125,7.566051483154297,-0.14133453369140625,-0.08524322509765625,-0.11328887939453125,False,False,
pair_0001,01,01,02,01,pair_0001_happy,pair_0001_sad,upper_prompt__upper_spaced,Listen to the speech. Is the speaker HAPPY or SAD? Answer only HAPPY or SAD., HAPPY, SAD,"[86777, 56]","[328, 1808]",audio_restore,audio_restore_at_22,17,22,,"[{""layer"":17,""patch_kind"":""audio_tokens"",""source"":""donor""},{""layer"":22,""patch_kind"":""audio_tokens"",""source"":""target""}]",post_decoder_block_output,audio_tokens,-32.807010650634766,-40.480464935302734,-32.87761688232422,-40.29866027832031,7.673454284667969,7.421043395996094,-32.88833999633789,-40.47484588623047,-32.797157287597656,-40.295188903808594,7.586505889892578,7.4980316162109375,0.08694839477539062,0.07698822021484375,0.08196830749511719,True,True,
pair_0002,01,02,01,01,pair_0002_happy,pair_0002_sad,upper_prompt__upper_spaced,Listen to the speech. Is the speaker HAPPY or SAD? Answer only HAPPY or SAD., HAPPY, SAD,"[86777, 56]","[328, 1808]",audio_restore,audio_restore_at_22,17,22,,"[{""layer"":17,""patch_kind"":""audio_tokens"",""source"":""donor""},{""layer"":22,""patch_kind"":""audio_tokens"",""source"":""target""}]",post_decoder_block_output,audio_tokens,-33.14122772216797,-41.046043395996094,-33.19336700439453,-41.567901611328125,7.904815673828125,8.374534606933594,-33.170814514160156,-40.93817138671875,-33.16319274902344,-41.66994857788086,7.767356872558594,8.506755828857422,0.13745880126953125,0.13222122192382812,0.1348400115966797,True,True,
pair_0003,01,02,02,01,pair_0003_happy,pair_0003_sad,upper_prompt__upper_spaced,Listen to the speech. Is the speaker HAPPY or SAD? Answer only HAPPY or SAD., HAPPY, SAD,"[86777, 56]","[328, 1808]",audio_restore,audio_restore_at_22,17,22,,"[{""layer"":17,""patch_kind"":""audio_tokens"",""source"":""donor""},{""layer"":22,""patch_kind"":""audio_tokens"",""source"":""target""}]",post_decoder_block_output,audio_tokens,-33.26335525512695,-41.05799865722656,-33.390846252441406,-41.1466178894043,7.794643402099609,7.755771636962891,-33.302886962890625,-41.17218780517578,-33.34864044189453,-41.080055236816406,7.869300842285156,7.731414794921875,-0.07465744018554688,-0.024356842041015625,-0.04950714111328125,False,False,
pair_0004,02,01,01,01,pair_0004_happy,pair_0004_sad,upper_prompt__upper_spaced,Listen to the speech. Is the speaker HAPPY or SAD? Answer only HAPPY or SAD., HAPPY, SAD,"[86777, 56]","[328, 1808]",audio_restore,audio_restore_at_22,17,22,,"[{""layer"":17,""patch_kind"":""audio_tokens"",""source"":""donor""},{""layer"":22,""patch_kind"":""audio_tokens"",""source"":""target""}]",post_decoder_block_output,audio_tokens,-32.723960876464844,-40.329345703125,-33.00586700439453,-40.413299560546875,7.605384826660156,7.407432556152344,-32.763633728027344,-40.21992492675781,-32.94865036010742,-40.56316375732422,7.456291198730469,7.614513397216797,0.1490936279296875,0.20708084106445312,0.1780872344970703,True,True,
pair_0005,02,01,02,01,pair_0005_happy,pair_0005_sad,upper_prompt__upper_spaced,Listen to the speech. Is the speaker HAPPY or SAD? Answer only HAPPY or SAD., HAPPY, SAD,"[86777, 56]","[328, 1808]",audio_restore,audio_restore_at_22,17,22,,"[{""layer"":17,""patch_kind"":""audio_tokens"",""source"":""donor""},{""layer"":22,""patch_kind"":""audio_tokens"",""source"":""target""}]",post_decoder_block_output,audio_tokens,-32.88285827636719,-40.35342788696289,-32.840545654296875,-40.420074462890625,7.470569610595703,7.57952880859375,-32.93209457397461,-40.09760284423828,-32.77820587158203,-40.686256408691406,7.165508270263672,7.908050537109375,0.30506134033203125,0.328521728515625,0.3167915344238281,True,True,
pair_0006,02,02,01,01,pair_0006_happy,pair_0006_sad,upper_prompt__upper_spaced,Listen to the speech. Is the speaker HAPPY or SAD? Answer only HAPPY or SAD., HAPPY, SAD,"[86777, 56]","[328, 1808]",audio_restore,audio_restore_at_22,17,22,,"[{""layer"":17,""patch_kind"":""audio_tokens"",""source"":""donor""},{""layer"":22,""patch_kind"":""audio_tokens"",""source"":""target""}]",post_decoder_block_output,audio_tokens,-33.32653045654297,-40.607730865478516,-33.2708740234375,-40.77283477783203,7.281200408935547,7.501960754394531,-33.27458572387695,-40.32210159301758,-33.32044219970703,-41.0341682434082,7.047515869140625,7.713726043701172,0.23368453979492188,0.21176528930664062,0.22272491455078125,True,True,
pair_0007,02,02,02,01,pair_0007_happy,pair_0007_sad,upper_prompt__upper_spaced,Listen to the speech. Is the speaker HAPPY or SAD? Answer only HAPPY or SAD., HAPPY, SAD,"[86777, 56]","[328, 1808]",audio_restore,audio_restore_at_22,17,22,,"[{""layer"":17,""patch_kind"":""audio_tokens"",""source"":""donor""},{""layer"":22,""patch_kind"":""audio_tokens"",""source"":""target""}]",post_decoder_block_output,audio_tokens,-33.26520919799805,-40.81932067871094,-33.316802978515625,-41.32069396972656,7.554111480712891,8.003890991210938,-33.26988983154297,-40.574676513671875,-33.312538146972656,-41.526790618896484,7.304786682128906,8.214252471923828,0.24932479858398438,0.21036148071289062,0.2298431396484375,True,True,
pair_0008,03,01,01,01,pair_0008_happy,pair_0008_sad,upper_prompt__upper_spaced,Listen to the speech. Is the speaker HAPPY or SAD? Answer only HAPPY or SAD., HAPPY, SAD,"[86777, 56]","[328, 1808]",audio_restore,audio_restore_at_22,17,22,,"[{""layer"":17,""patch_kind"":""audio_tokens"",""source"":""donor""},{""layer"":22,""patch_kind"":""audio_tokens"",""source"":""target""}]",post_decoder_block_output,audio_tokens,-33.23826217651367,-40.160545349121094,-32.871337890625,-40.523345947265625,6.922283172607422,7.652008056640625,-33.19499969482422,-40.20753479003906,-32.891197204589844,-40.466026306152344,7.012535095214844,7.5748291015625,-0.09025192260742188,-0.077178955078125,-0.08371543884277344,False,False,
pair_0009,03,01,02,01,pair_0009_happy,pair_0009_sad,upper_prompt__upper_spaced,Listen to the speech. Is the speaker HAPPY or SAD? Answer only HAPPY or SAD., HAPPY, SAD,"[86777, 56]","[328, 1808]",audio_restore,audio_restore_at_22,17,22,,"[{""layer"":17,""patch_kind"":""audio_tokens"",""source"":""donor""},{""layer"":22,""patch_kind"":""audio_tokens"",""source"":""target""}]",post_decoder_block_output,audio_tokens,-32.83757019042969,-40.17271041870117,-32.902679443359375,-40.617942810058594,7.335140228271484,7.715263366699219,-32.79105758666992,-40.27561569213867,-32.94826889038086,-40.51303482055664,7.48455810546875,7.564765930175781,-0.14941787719726562,-0.1504974365234375,-0.14995765686035156,False,False,
pair_0010,03,02,01,01,pair_0010_happy,pair_0010_sad,upper_prompt__upper_spaced,Listen to the speech. Is the speaker HAPPY or SAD? Answer only HAPPY or SAD., HAPPY, SAD,"[86777, 56]","[328, 1808]",audio_restore,audio_restore_at_22,17,22,,"[{""layer"":17,""patch_kind"":""audio_tokens"",""source"":""donor""},{""layer"":22,""patch_kind"":""audio_tokens"",""source"":""target""}]",post_decoder_block_output,audio_tokens,-33.3384895324707,-41.062469482421875,-33.22782516479492,-41.00354766845703,7.723979949951172,7.775722503662109,-33.359371185302734,-41.01323699951172,-33.2119255065918,-41.05191421508789,7.653865814208984,7.839988708496094,0.0701141357421875,0.06426620483398438,0.06719017028808594,True,True,
pair_0011,03,02,02,01,pair_0011_happy,pair_0011_sad,upper_prompt__upper_spaced,Listen to the speech. Is the speaker HAPPY or SAD? Answer only HAPPY or SAD., HAPPY, SAD,"[86777, 56]","[328, 1808]",audio_restore,audio_restore_at_22,17,22,,"[{""layer"":17,""patch_kind"":""audio_tokens"",""source"":""donor""},{""layer"":22,""patch_kind"":""audio_tokens"",""source"":""target""}]",post_decoder_block_output,audio_tokens,-33.24159622192383,-41.173126220703125,-33.178077697753906,-41.440956115722656,7.931529998779297,8.26287841796875,-33.29860305786133,-41.04142761230469,-33.12550354003906,-41.58308029174805,7.742824554443359,8.457576751708984,0.1887054443359375,0.19469833374023438,0.19170188903808594,True,True,
pair_0012,04,01,01,01,pair_0012_happy,pair_0012_sad,upper_prompt__upper_spaced,Listen to the speech. Is the speaker HAPPY or SAD? Answer only HAPPY or SAD., HAPPY, SAD,"[86777, 56]","[328, 1808]",audio_restore,audio_restore_at_22,17,22,,"[{""layer"":17,""patch_kind"":""audio_tokens"",""source"":""donor""},{""layer"":22,""patch_kind"":""audio_tokens"",""source"":""target""}]",post_decoder_block_output,audio_tokens,-32.72740936279297,-40.23261260986328,-32.91100311279297,-40.410213470458984,7.5052032470703125,7.499210357666016,-32.80705261230469,-40.33787536621094,-32.8345832824707,-40.372520446777344,7.53082275390625,7.537937164306641,-0.0256195068359375,0.038726806640625,0.00655364990234375,False,True,
pair_0013,04,01,02,01,pair_0013_happy,pair_0013_sad,upper_prompt__upper_spaced,Listen to the speech. Is the speaker HAPPY or SAD? Answer only HAPPY or SAD., HAPPY, SAD,"[86777, 56]","[328, 1808]",audio_restore,audio_restore_at_22,17,22,,"[{""layer"":17,""patch_kind"":""audio_tokens"",""source"":""donor""},{""layer"":22,""patch_kind"":""audio_tokens"",""source"":""target""}]",post_decoder_block_output,audio_tokens,-32.94976806640625,-40.15290832519531,-32.91361999511719,-40.468021392822266,7.2031402587890625,7.554401397705078,-32.899871826171875,-40.24742126464844,-32.96415710449219,-40.383575439453125,7.3475494384765625,7.4194183349609375,-0.1444091796875,-0.13498306274414062,-0.1396961212158203,False,False,
pair_0014,04,02,01,01,pair_0014_happy,pair_0014_sad,upper_prompt__upper_spaced,Listen to the speech. Is the speaker HAPPY or SAD? Answer only HAPPY or SAD., HAPPY, SAD,"[86777, 56]","[328, 1808]",audio_restore,audio_restore_at_22,17,22,,"[{""layer"":17,""patch_kind"":""audio_tokens"",""source"":""donor""},{""layer"":22,""patch_kind"":""audio_tokens"",""source"":""target""}]",post_decoder_block_output,audio_tokens,-33.230369567871094,-40.49817657470703,-32.99338150024414,-40.90376281738281,7.2678070068359375,7.910381317138672,-33.25653839111328,-40.594032287597656,-32.972747802734375,-40.789955139160156,7.337493896484375,7.817207336425781,-0.0696868896484375,-0.09317398071289062,-0.08143043518066406,False,False,
pair_0015,04,02,02,01,pair_0015_happy,pair_0015_sad,upper_prompt__upper_spaced,Listen to the speech. Is the speaker HAPPY or SAD? Answer only HAPPY or SAD., HAPPY, SAD,"[86777, 56]","[328, 1808]",audio_restore,audio_restore_at_22,17,22,,"[{""layer"":17,""patch_kind"":""audio_tokens"",""source"":""donor""},{""layer"":22,""patch_kind"":""audio_tokens"",""source"":""target""}]",post_decoder_block_output,audio_tokens,-33.334197998046875,-40.492889404296875,-33.412193298339844,-40.960044860839844,7.15869140625,7.5478515625,-33.39130401611328,-40.35798645019531,-33.35039138793945,-41.094844818115234,6.966682434082031,7.744453430175781,0.19200897216796875,0.19660186767578125,0.194305419921875,True,True,
pair_0016,05,01,01,01,pair_0016_happy,pair_0016_sad,upper_prompt__upper_spaced,Listen to the speech. Is the speaker HAPPY or SAD? Answer only HAPPY or SAD., HAPPY, SAD,"[86777, 56]","[328, 1808]",audio_restore,audio_restore_at_22,17,22,,"[{""layer"":17,""patch_kind"":""audio_tokens"",""source"":""donor""},{""layer"":22,""patch_kind"":""audio_tokens"",""source"":""target""}]",post_decoder_block_output,audio_tokens,-32.893394470214844,-40.04497528076172,-32.97637939453125,-40.67535400390625,7.151580810546875,7.698974609375,-32.810306549072266,-40.395751953125,-33.04645538330078,-40.33356475830078,7.585445404052734,7.287109375,-0.4338645935058594,-0.411865234375,-0.4228649139404297,False,False,
pair_0017,05,01,02,01,pair_0017_happy,pair_0017_sad,upper_prompt__upper_spaced,Listen to the speech. Is the speaker HAPPY or SAD? Answer only HAPPY or SAD., HAPPY, SAD,"[86777, 56]","[328, 1808]",audio_restore,audio_restore_at_22,17,22,,"[{""layer"":17,""patch_kind"":""audio_tokens"",""source"":""donor""},{""layer"":22,""patch_kind"":""audio_tokens"",""source"":""target""}]",post_decoder_block_output,audio_tokens,-33.059226989746094,-40.66766357421875,-32.76953887939453,-40.188873291015625,7.608436584472656,7.419334411621094,-32.94130325317383,-40.64908218383789,-32.89562225341797,-40.19554901123047,7.7077789306640625,7.2999267578125,-0.09934234619140625,-0.11940765380859375,-0.109375,False,False,
pair_0018,05,02,01,01,pair_0018_happy,pair_0018_sad,upper_prompt__upper_spaced,Listen to the speech. Is the speaker HAPPY or SAD? Answer only HAPPY or SAD., HAPPY, SAD,"[86777, 56]","[328, 1808]",audio_restore,audio_restore_at_22,17,22,,"[{""layer"":17,""patch_kind"":""audio_tokens"",""source"":""donor""},{""layer"":22,""patch_kind"":""audio_tokens"",""source"":""target""}]",post_decoder_block_output,audio_tokens,-33.31574630737305,-41.03467559814453,-33.078346252441406,-41.51261901855469,7.718929290771484,8.434272766113281,-33.33501434326172,-40.994754791259766,-33.06911849975586,-41.55940246582031,7.659740447998047,8.490283966064453,0.0591888427734375,0.056011199951171875,0.05760002136230469,True,True,
pair_0019,05,02,02,01,pair_0019_happy,pair_0019_sad,upper_prompt__upper_spaced,Listen to the speech. Is the speaker HAPPY or SAD? Answer only HAPPY or SAD., HAPPY, SAD,"[86777, 56]","[328, 1808]",audio_restore,audio_restore_at_22,17,22,,"[{""layer"":17,""patch_kind"":""audio_tokens"",""source"":""donor""},{""layer"":22,""patch_kind"":""audio_tokens"",""source"":""target""}]",post_decoder_block_output,audio_tokens,-33.17727279663086,-40.89159393310547,-33.313140869140625,-40.64369201660156,7.714321136474609,7.3305511474609375,-33.205692291259766,-40.768348693847656,-33.26306915283203,-40.76191711425781,7.562656402587891,7.498847961425781,0.15166473388671875,0.16829681396484375,0.15998077392578125,True,True,
pair_0020,06,01,01,01,pair_0020_happy,pair_0020_sad,upper_prompt__upper_spaced,Listen to the speech. Is the speaker HAPPY or SAD? Answer only HAPPY or SAD., HAPPY, SAD,"[86777, 56]","[328, 1808]",audio_restore,audio_restore_at_22,17,22,,"[{""layer"":17,""patch_kind"":""audio_tokens"",""source"":""donor""},{""layer"":22,""patch_kind"":""audio_tokens"",""source"":""target""}]",post_decoder_block_output,audio_tokens,-32.93659210205078,-40.262325286865234,-32.96112060546875,-40.28034591674805,7.325733184814453,7.319225311279297,-32.904422760009766,-40.179100036621094,-32.9932975769043,-40.36210250854492,7.274677276611328,7.368804931640625,0.051055908203125,0.049579620361328125,0.05031776428222656,True,True,
pair_0021,06,01,02,01,pair_0021_happy,pair_0021_sad,upper_prompt__upper_spaced,Listen to the speech. Is the speaker HAPPY or SAD? Answer only HAPPY or SAD., HAPPY, SAD,"[86777, 56]","[328, 1808]",audio_restore,audio_restore_at_22,17,22,,"[{""layer"":17,""patch_kind"":""audio_tokens"",""source"":""donor""},{""layer"":22,""patch_kind"":""audio_tokens"",""source"":""target""}]",post_decoder_block_output,audio_tokens,-32.943870544433594,-40.37804412841797,-32.90716552734375,-40.65447235107422,7.434173583984375,7.747306823730469,-32.92776870727539,-40.40238952636719,-32.929439544677734,-40.63710403442383,7.474620819091797,7.707664489746094,-0.040447235107421875,-0.039642333984375,-0.04004478454589844,False,False,
pair_0022,06,02,01,01,pair_0022_happy,pair_0022_sad,upper_prompt__upper_spaced,Listen to the speech. Is the speaker HAPPY or SAD? Answer only HAPPY or SAD., HAPPY, SAD,"[86777, 56]","[328, 1808]",audio_restore,audio_restore_at_22,17,22,,"[{""layer"":17,""patch_kind"":""audio_tokens"",""source"":""donor""},{""layer"":22,""patch_kind"":""audio_tokens"",""source"":""target""}]",post_decoder_block_output,audio_tokens,-33.460514068603516,-41.10554504394531,-33.11227798461914,-40.92157745361328,7.645030975341797,7.809299468994141,-33.488582611083984,-41.02664566040039,-33.08746337890625,-41.00518798828125,7.538063049316406,7.917724609375,0.10696792602539062,0.10842514038085938,0.107696533203125,True,True,
pair_0023,06,02,02,01,pair_0023_happy,pair_0023_sad,upper_prompt__upper_spaced,Listen to the speech. Is the speaker HAPPY or SAD? Answer only HAPPY or SAD., HAPPY, SAD,"[86777, 56]","[328, 1808]",audio_restore,audio_restore_at_22,17,22,,"[{""layer"":17,""patch_kind"":""audio_tokens"",""source"":""donor""},{""layer"":22,""patch_kind"":""audio_tokens"",""source"":""target""}]",post_decoder_block_output,audio_tokens,-33.388221740722656,-41.36200714111328,-33.26945495605469,-41.31072235107422,7.973785400390625,8.041267395019531,-33.402042388916016,-41.26426696777344,-33.25813293457031,-41.42321014404297,7.862224578857422,8.165077209472656,0.11156082153320312,0.123809814453125,0.11768531799316406,True,True,
pair_0024,07,01,01,01,pair_0024_happy,pair_0024_sad,upper_prompt__upper_spaced,Listen to the speech. Is the speaker HAPPY or SAD? Answer only HAPPY or SAD., HAPPY, SAD,"[86777, 56]","[328, 1808]",audio_restore,audio_restore_at_22,17,22,,"[{""layer"":17,""patch_kind"":""audio_tokens"",""source"":""donor""},{""layer"":22,""patch_kind"":""audio_tokens"",""source"":""target""}]",post_decoder_block_output,audio_tokens,-32.8228759765625,-40.531822204589844,-33.00188446044922,-40.5400390625,7.708946228027344,7.538154602050781,-32.99113464355469,-40.678462982177734,-32.81559371948242,-40.34164810180664,7.687328338623047,7.526054382324219,0.021617889404296875,-0.0121002197265625,0.0047588348388671875,True,False,
pair_0025,07,01,02,01,pair_0025_happy,pair_0025_sad,upper_prompt__upper_spaced,Listen to the speech. Is the speaker HAPPY or SAD? Answer only HAPPY or SAD., HAPPY, SAD,"[86777, 56]","[328, 1808]",audio_restore,audio_restore_at_22,17,22,,"[{""layer"":17,""patch_kind"":""audio_tokens"",""source"":""donor""},{""layer"":22,""patch_kind"":""audio_tokens"",""source"":""target""}]",post_decoder_block_output,audio_tokens,-32.9761848449707,-39.93648910522461,-32.880836486816406,-40.105735778808594,6.960304260253906,7.2248992919921875,-32.98612594604492,-40.09137725830078,-32.869659423828125,-39.93780517578125,7.105251312255859,7.068145751953125,-0.14494705200195312,-0.1567535400390625,-0.1508502960205078,False,False,
pair_0026,07,02,01,01,pair_0026_happy,pair_0026_sad,upper_prompt__upper_spaced,Listen to the speech. Is the speaker HAPPY or SAD? Answer only HAPPY or SAD., HAPPY, SAD,"[86777, 56]","[328, 1808]",audio_restore,audio_restore_at_22,17,22,,"[{""layer"":17,""patch_kind"":""audio_tokens"",""source"":""donor""},{""layer"":22,""patch_kind"":""audio_tokens"",""source"":""target""}]",post_decoder_block_output,audio_tokens,-33.22462463378906,-40.85307312011719,-33.27455520629883,-41.208255767822266,7.628448486328125,7.9337005615234375,-33.26142120361328,-40.768760681152344,-33.2380485534668,-41.31012725830078,7.5073394775390625,8.072078704833984,0.1211090087890625,0.13837814331054688,0.1297435760498047,True,True,
pair_0027,07,02,02,01,pair_0027_happy,pair_0027_sad,upper_prompt__upper_spaced,Listen to the speech. Is the speaker HAPPY or SAD? Answer only HAPPY or SAD., HAPPY, SAD,"[86777, 56]","[328, 1808]",audio_restore,audio_restore_at_22,17,22,,"[{""layer"":17,""patch_kind"":""audio_tokens"",""source"":""donor""},{""layer"":22,""patch_kind"":""audio_tokens"",""source"":""target""}]",post_decoder_block_output,audio_tokens,-33.22462463378906,-40.85307312011719,-33.074249267578125,-40.69562530517578,7.628448486328125,7.621376037597656,-33.210269927978516,-40.65401077270508,-33.07593536376953,-40.92689514160156,7.4437408447265625,7.850959777832031,0.1847076416015625,0.229583740234375,0.20714569091796875,True,True,
pair_0028,08,01,01,01,pair_0028_happy,pair_0028_sad,upper_prompt__upper_spaced,Listen to the speech. Is the speaker HAPPY or SAD? Answer only HAPPY or SAD., HAPPY, SAD,"[86777, 56]","[328, 1808]",audio_restore,audio_restore_at_22,17,22,,"[{""layer"":17,""patch_kind"":""audio_tokens"",""source"":""donor""},{""layer"":22,""patch_kind"":""audio_tokens"",""source"":""target""}]",post_decoder_block_output,audio_tokens,-32.84352111816406,-40.87052536010742,-32.99875259399414,-40.19209289550781,8.02700424194336,7.193340301513672,-32.77859878540039,-40.68505859375,-33.06355667114258,-40.41910171508789,7.906459808349609,7.3555450439453125,0.12054443359375,0.16220474243164062,0.1413745880126953,True,True,
pair_0029,08,01,02,01,pair_0029_happy,pair_0029_sad,upper_prompt__upper_spaced,Listen to the speech. Is the speaker HAPPY or SAD? Answer only HAPPY or SAD., HAPPY, SAD,"[86777, 56]","[328, 1808]",audio_restore,audio_restore_at_22,17,22,,"[{""layer"":17,""patch_kind"":""audio_tokens"",""source"":""donor""},{""layer"":22,""patch_kind"":""audio_tokens"",""source"":""target""}]",post_decoder_block_output,audio_tokens,-32.813419342041016,-40.48582458496094,-31.81317901611328,-40.74665069580078,7.672405242919922,8.9334716796875,-32.70087432861328,-40.66816329956055,-31.892791748046875,-40.5684700012207,7.967288970947266,8.675678253173828,-0.29488372802734375,-0.2577934265136719,-0.2763385772705078,False,False,
pair_0030,08,02,01,01,pair_0030_happy,pair_0030_sad,upper_prompt__upper_spaced,Listen to the speech. Is the speaker HAPPY or SAD? Answer only HAPPY or SAD., HAPPY, SAD,"[86777, 56]","[328, 1808]",audio_restore,audio_restore_at_22,17,22,,"[{""layer"":17,""patch_kind"":""audio_tokens"",""source"":""donor""},{""layer"":22,""patch_kind"":""audio_tokens"",""source"":""target""}]",post_decoder_block_output,audio_tokens,-33.29847717285156,-40.283477783203125,-32.69920349121094,-42.30854415893555,6.9850006103515625,9.60934066772461,-33.321861267089844,-40.22631072998047,-32.69847869873047,-42.118812561035156,6.904449462890625,9.420333862304688,0.0805511474609375,-0.18900680541992188,-0.05422782897949219,True,False,
pair_0031,08,02,02,01,pair_0031_happy,pair_0031_sad,upper_prompt__upper_spaced,Listen to the speech. Is the speaker HAPPY or SAD? Answer only HAPPY or SAD., HAPPY, SAD,"[86777, 56]","[328, 1808]",audio_restore,audio_restore_at_22,17,22,,"[{""layer"":17,""patch_kind"":""audio_tokens"",""source"":""donor""},{""layer"":22,""patch_kind"":""audio_tokens"",""source"":""target""}]",post_decoder_block_output,audio_tokens,-33.37982177734375,-40.7568359375,-33.26905059814453,-40.49513244628906,7.37701416015625,7.226081848144531,-33.437950134277344,-40.36940002441406,-33.208194732666016,-40.7833366394043,6.931449890136719,7.575141906738281,0.44556427001953125,0.34906005859375,0.3973121643066406,True,True,
pair_0032,09,01,01,01,pair_0032_happy,pair_0032_sad,upper_prompt__upper_spaced,Listen to the speech. Is the speaker HAPPY or SAD? Answer only HAPPY or SAD., HAPPY, SAD,"[86777, 56]","[328, 1808]",audio_restore,audio_restore_at_22,17,22,,"[{""layer"":17,""patch_kind"":""audio_tokens"",""source"":""donor""},{""layer"":22,""patch_kind"":""audio_tokens"",""source"":""target""}]",post_decoder_block_output,audio_tokens,-32.729461669921875,-40.954811096191406,-32.50407409667969,-39.84821319580078,8.225349426269531,7.344139099121094,-32.793373107910156,-40.70897674560547,-32.4499626159668,-40.08049774169922,7.9156036376953125,7.630535125732422,0.30974578857421875,0.2863960266113281,0.29807090759277344,True,True,
pair_0033,09,01,02,01,pair_0033_happy,pair_0033_sad,upper_prompt__upper_spaced,Listen to the speech. Is the speaker HAPPY or SAD? Answer only HAPPY or SAD., HAPPY, SAD,"[86777, 56]","[328, 1808]",audio_restore,audio_restore_at_22,17,22,,"[{""layer"":17,""patch_kind"":""audio_tokens"",""source"":""donor""},{""layer"":22,""patch_kind"":""audio_tokens"",""source"":""target""}]",post_decoder_block_output,audio_tokens,-32.41819763183594,-41.43172836303711,-32.3071174621582,-40.70934295654297,9.013530731201172,8.402225494384766,-32.59337615966797,-41.19932174682617,-32.169586181640625,-41.06438446044922,8.605945587158203,8.894798278808594,0.40758514404296875,0.4925727844238281,0.45007896423339844,True,True,
pair_0034,09,02,01,01,pair_0034_happy,pair_0034_sad,upper_prompt__upper_spaced,Listen to the speech. Is the speaker HAPPY or SAD? Answer only HAPPY or SAD., HAPPY, SAD,"[86777, 56]","[328, 1808]",audio_restore,audio_restore_at_22,17,22,,"[{""layer"":17,""patch_kind"":""audio_tokens"",""source"":""donor""},{""layer"":22,""patch_kind"":""audio_tokens"",""source"":""target""}]",post_decoder_block_output,audio_tokens,-32.84454345703125,-40.36152267456055,-32.80069351196289,-41.139930725097656,7.516979217529297,8.339237213134766,-32.909305572509766,-40.38060760498047,-32.74065017700195,-41.083290100097656,7.471302032470703,8.342639923095703,0.04567718505859375,0.0034027099609375,0.024539947509765625,True,True,
pair_0035,09,02,02,01,pair_0035_happy,pair_0035_sad,upper_prompt__upper_spaced,Listen to the speech. Is the speaker HAPPY or SAD? Answer only HAPPY or SAD., HAPPY, SAD,"[86777, 56]","[328, 1808]",audio_restore,audio_restore_at_22,17,22,,"[{""layer"":17,""patch_kind"":""audio_tokens"",""source"":""donor""},{""layer"":22,""patch_kind"":""audio_tokens"",""source"":""target""}]",post_decoder_block_output,audio_tokens,-33.14391326904297,-41.451942443847656,-33.04698944091797,-41.80598449707031,8.308029174804688,8.758995056152344,-33.177371978759766,-41.28736114501953,-33.004364013671875,-41.92436599731445,8.109989166259766,8.920001983642578,0.19804000854492188,0.16100692749023438,0.17952346801757812,True,True,
pair_0036,10,01,01,01,pair_0036_happy,pair_0036_sad,upper_prompt__upper_spaced,Listen to the speech. Is the speaker HAPPY or SAD? Answer only HAPPY or SAD., HAPPY, SAD,"[86777, 56]","[328, 1808]",audio_restore,audio_restore_at_22,17,22,,"[{""layer"":17,""patch_kind"":""audio_tokens"",""source"":""donor""},{""layer"":22,""patch_kind"":""audio_tokens"",""source"":""target""}]",post_decoder_block_output,audio_tokens,-33.00770568847656,-40.52838897705078,-32.91501998901367,-39.869049072265625,7.520683288574219,6.954029083251953,-33.01539611816406,-40.56187438964844,-32.88724899291992,-39.83795166015625,7.546478271484375,6.950702667236328,-0.02579498291015625,-0.003326416015625,-0.014560699462890625,False,False,
pair_0037,10,01,02,01,pair_0037_happy,pair_0037_sad,upper_prompt__upper_spaced,Listen to the speech. Is the speaker HAPPY or SAD? Answer only HAPPY or SAD., HAPPY, SAD,"[86777, 56]","[328, 1808]",audio_restore,audio_restore_at_22,17,22,,"[{""layer"":17,""patch_kind"":""audio_tokens"",""source"":""donor""},{""layer"":22,""patch_kind"":""audio_tokens"",""source"":""target""}]",post_decoder_block_output,audio_tokens,-32.8964958190918,-40.39769744873047,-33.19541549682617,-40.359249114990234,7.501201629638672,7.1638336181640625,-32.92789077758789,-40.399085998535156,-33.167388916015625,-40.36223220825195,7.471195220947266,7.194843292236328,0.03000640869140625,0.031009674072265625,0.030508041381835938,True,True,
pair_0038,10,02,01,01,pair_0038_happy,pair_0038_sad,upper_prompt__upper_spaced,Listen to the speech. Is the speaker HAPPY or SAD? Answer only HAPPY or SAD., HAPPY, SAD,"[86777, 56]","[328, 1808]",audio_restore,audio_restore_at_22,17,22,,"[{""layer"":17,""patch_kind"":""audio_tokens"",""source"":""donor""},{""layer"":22,""patch_kind"":""audio_tokens"",""source"":""target""}]",post_decoder_block_output,audio_tokens,-33.263397216796875,-42.730247497558594,-33.564453125,-40.99468231201172,9.466850280761719,7.430229187011719,-33.15254211425781,-42.388954162597656,-33.74497985839844,-41.163063049316406,9.236412048339844,7.418083190917969,0.230438232421875,-0.01214599609375,0.1091461181640625,True,False,
pair_0039,10,02,02,01,pair_0039_happy,pair_0039_sad,upper_prompt__upper_spaced,Listen to the speech. Is the speaker HAPPY or SAD? Answer only HAPPY or SAD., HAPPY, SAD,"[86777, 56]","[328, 1808]",audio_restore,audio_restore_at_22,17,22,,"[{""layer"":17,""patch_kind"":""audio_tokens"",""source"":""donor""},{""layer"":22,""patch_kind"":""audio_tokens"",""source"":""target""}]",post_decoder_block_output,audio_tokens,-33.24170684814453,-40.9087028503418,-33.1529655456543,-40.888458251953125,7.666996002197266,7.735492706298828,-33.24229049682617,-40.29508972167969,-33.140525817871094,-41.43383026123047,7.052799224853516,8.293304443359375,0.61419677734375,0.5578117370605469,0.5860042572021484,True,True,
pair_0040,11,01,01,01,pair_0040_happy,pair_0040_sad,upper_prompt__upper_spaced,Listen to the speech. Is the speaker HAPPY or SAD? Answer only HAPPY or SAD., HAPPY, SAD,"[86777, 56]","[328, 1808]",audio_restore,audio_restore_at_22,17,22,,"[{""layer"":17,""patch_kind"":""audio_tokens"",""source"":""donor""},{""layer"":22,""patch_kind"":""audio_tokens"",""source"":""target""}]",post_decoder_block_output,audio_tokens,-33.14476013183594,-40.51000213623047,-32.63164138793945,-40.654747009277344,7.365242004394531,8.02310562133789,-33.053466796875,-40.50993347167969,-32.729801177978516,-40.749168395996094,7.4564666748046875,8.019367218017578,-0.09122467041015625,-0.0037384033203125,-0.047481536865234375,False,False,
pair_0041,11,01,02,01,pair_0041_happy,pair_0041_sad,upper_prompt__upper_spaced,Listen to the speech. Is the speaker HAPPY or SAD? Answer only HAPPY or SAD., HAPPY, SAD,"[86777, 56]","[328, 1808]",audio_restore,audio_restore_at_22,17,22,,"[{""layer"":17,""patch_kind"":""audio_tokens"",""source"":""donor""},{""layer"":22,""patch_kind"":""audio_tokens"",""source"":""target""}]",post_decoder_block_output,audio_tokens,-32.93696975708008,-40.643882751464844,-32.833377838134766,-39.93268966674805,7.706912994384766,7.099311828613281,-32.93622589111328,-40.559730529785156,-32.83576965332031,-40.00311279296875,7.623504638671875,7.1673431396484375,0.08340835571289062,0.06803131103515625,0.07571983337402344,True,True,
pair_0042,11,02,01,01,pair_0042_happy,pair_0042_sad,upper_prompt__upper_spaced,Listen to the speech. Is the speaker HAPPY or SAD? Answer only HAPPY or SAD., HAPPY, SAD,"[86777, 56]","[328, 1808]",audio_restore,audio_restore_at_22,17,22,,"[{""layer"":17,""patch_kind"":""audio_tokens"",""source"":""donor""},{""layer"":22,""patch_kind"":""audio_tokens"",""source"":""target""}]",post_decoder_block_output,audio_tokens,-33.081329345703125,-41.28924560546875,-33.22624206542969,-41.078041076660156,8.207916259765625,7.851799011230469,-33.072059631347656,-41.27589416503906,-33.23171615600586,-41.11260223388672,8.203834533691406,7.880886077880859,0.00408172607421875,0.029087066650390625,0.016584396362304688,True,True,
pair_0043,11,02,02,01,pair_0043_happy,pair_0043_sad,upper_prompt__upper_spaced,Listen to the speech. Is the speaker HAPPY or SAD? Answer only HAPPY or SAD., HAPPY, SAD,"[86777, 56]","[328, 1808]",audio_restore,audio_restore_at_22,17,22,,"[{""layer"":17,""patch_kind"":""audio_tokens"",""source"":""donor""},{""layer"":22,""patch_kind"":""audio_tokens"",""source"":""target""}]",post_decoder_block_output,audio_tokens,-33.1743278503418,-40.989501953125,-33.44192886352539,-40.541473388671875,7.815174102783203,7.099544525146484,-33.17543029785156,-40.95814514160156,-33.426937103271484,-40.59675979614258,7.78271484375,7.169822692871094,0.032459259033203125,0.07027816772460938,0.05136871337890625,True,True,
pair_0044,12,01,01,01,pair_0044_happy,pair_0044_sad,upper_prompt__upper_spaced,Listen to the speech. Is the speaker HAPPY or SAD? Answer only HAPPY or SAD., HAPPY, SAD,"[86777, 56]","[328, 1808]",audio_restore,audio_restore_at_22,17,22,,"[{""layer"":17,""patch_kind"":""audio_tokens"",""source"":""donor""},{""layer"":22,""patch_kind"":""audio_tokens"",""source"":""target""}]",post_decoder_block_output,audio_tokens,-32.814842224121094,-40.25271224975586,-32.80720901489258,-40.12078857421875,7.437870025634766,7.313579559326172,-32.847862243652344,-40.056861877441406,-32.77092361450195,-40.32001876831055,7.2089996337890625,7.549095153808594,0.22887039184570312,0.23551559448242188,0.2321929931640625,True,True,
pair_0045,12,01,02,01,pair_0045_happy,pair_0045_sad,upper_prompt__upper_spaced,Listen to the speech. Is the speaker HAPPY or SAD? Answer only HAPPY or SAD., HAPPY, SAD,"[86777, 56]","[328, 1808]",audio_restore,audio_restore_at_22,17,22,,"[{""layer"":17,""patch_kind"":""audio_tokens"",""source"":""donor""},{""layer"":22,""patch_kind"":""audio_tokens"",""source"":""target""}]",post_decoder_block_output,audio_tokens,-32.80457305908203,-40.240299224853516,-32.94475173950195,-40.5472526550293,7.435726165771484,7.602500915527344,-32.85614013671875,-40.38166809082031,-32.8946533203125,-40.39262390136719,7.5255279541015625,7.4979705810546875,-0.08980178833007812,-0.10453033447265625,-0.09716606140136719,False,False,
pair_0046,12,02,01,01,pair_0046_happy,pair_0046_sad,upper_prompt__upper_spaced,Listen to the speech. Is the speaker HAPPY or SAD? Answer only HAPPY or SAD., HAPPY, SAD,"[86777, 56]","[328, 1808]",audio_restore,audio_restore_at_22,17,22,,"[{""layer"":17,""patch_kind"":""audio_tokens"",""source"":""donor""},{""layer"":22,""patch_kind"":""audio_tokens"",""source"":""target""}]",post_decoder_block_output,audio_tokens,-33.33979034423828,-41.25920867919922,-33.32600402832031,-41.243675231933594,7.9194183349609375,7.917671203613281,-33.300453186035156,-40.94108581542969,-33.366912841796875,-41.54869842529297,7.640632629394531,8.181785583496094,0.27878570556640625,0.2641143798828125,0.2714500427246094,True,True,
pair_0047,12,02,02,01,pair_0047_happy,pair_0047_sad,upper_prompt__upper_spaced,Listen to the speech. Is the speaker HAPPY or SAD? Answer only HAPPY or SAD., HAPPY, SAD,"[86777, 56]","[328, 1808]",audio_restore,audio_restore_at_22,17,22,,"[{""layer"":17,""patch_kind"":""audio_tokens"",""source"":""donor""},{""layer"":22,""patch_kind"":""audio_tokens"",""source"":""target""}]",post_decoder_block_output,audio_tokens,-33.263919830322266,-41.459903717041016,-33.163185119628906,-41.318023681640625,8.19598388671875,8.154838562011719,-33.223854064941406,-41.15669631958008,-33.20185852050781,-41.61283874511719,7.932842254638672,8.410980224609375,0.2631416320800781,0.25614166259765625,0.2596416473388672,True,True,
pair_0048,13,01,01,01,pair_0048_happy,pair_0048_sad,upper_prompt__upper_spaced,Listen to the speech. Is the speaker HAPPY or SAD? Answer only HAPPY or SAD., HAPPY, SAD,"[86777, 56]","[328, 1808]",audio_restore,audio_restore_at_22,17,22,,"[{""layer"":17,""patch_kind"":""audio_tokens"",""source"":""donor""},{""layer"":22,""patch_kind"":""audio_tokens"",""source"":""target""}]",post_decoder_block_output,audio_tokens,-33.161094665527344,-40.57460403442383,-32.884586334228516,-40.688262939453125,7.413509368896484,7.803676605224609,-33.110286712646484,-40.520294189453125,-32.923622131347656,-40.719635009765625,7.410007476806641,7.796012878417969,0.00350189208984375,-0.007663726806640625,-0.0020809173583984375,True,False,
pair_0049,13,01,02,01,pair_0049_happy,pair_0049_sad,upper_prompt__upper_spaced,Listen to the speech. Is the speaker HAPPY or SAD? Answer only HAPPY or SAD., HAPPY, SAD,"[86777, 56]","[328, 1808]",audio_restore,audio_restore_at_22,17,22,,"[{""layer"":17,""patch_kind"":""audio_tokens"",""source"":""donor""},{""layer"":22,""patch_kind"":""audio_tokens"",""source"":""target""}]",post_decoder_block_output,audio_tokens,-33.05073928833008,-40.37937927246094,-32.907081604003906,-40.77345657348633,7.328639984130859,7.866374969482422,-32.96973419189453,-40.70783233642578,-32.985694885253906,-40.428157806396484,7.73809814453125,7.442462921142578,-0.4094581604003906,-0.42391204833984375,-0.4166851043701172,False,False,
pair_0050,13,02,01,01,pair_0050_happy,pair_0050_sad,upper_prompt__upper_spaced,Listen to the speech. Is the speaker HAPPY or SAD? Answer only HAPPY or SAD., HAPPY, SAD,"[86777, 56]","[328, 1808]",audio_restore,audio_restore_at_22,17,22,,"[{""layer"":17,""patch_kind"":""audio_tokens"",""source"":""donor""},{""layer"":22,""patch_kind"":""audio_tokens"",""source"":""target""}]",post_decoder_block_output,audio_tokens,-33.569244384765625,-41.59336853027344,-33.21152114868164,-40.7224006652832,8.024124145507812,7.5108795166015625,-33.61592102050781,-41.3099479675293,-33.16692352294922,-41.00536346435547,7.694026947021484,7.83843994140625,0.3300971984863281,0.3275604248046875,0.3288288116455078,True,True,
pair_0051,13,02,02,01,pair_0051_happy,pair_0051_sad,upper_prompt__upper_spaced,Listen to the speech. Is the speaker HAPPY or SAD? Answer only HAPPY or SAD., HAPPY, SAD,"[86777, 56]","[328, 1808]",audio_restore,audio_restore_at_22,17,22,,"[{""layer"":17,""patch_kind"":""audio_tokens"",""source"":""donor""},{""layer"":22,""patch_kind"":""audio_tokens"",""source"":""target""}]",post_decoder_block_output,audio_tokens,-32.982688903808594,-41.45563507080078,-33.107120513916016,-41.08137512207031,8.472946166992188,7.974254608154297,-33.072486877441406,-41.342796325683594,-33.00910186767578,-41.21640396118164,8.270309448242188,8.20730209350586,0.20263671875,0.2330474853515625,0.21784210205078125,True,True,
pair_0052,14,01,01,01,pair_0052_happy,pair_0052_sad,upper_prompt__upper_spaced,Listen to the speech. Is the speaker HAPPY or SAD? Answer only HAPPY or SAD., HAPPY, SAD,"[86777, 56]","[328, 1808]",audio_restore,audio_restore_at_22,17,22,,"[{""layer"":17,""patch_kind"":""audio_tokens"",""source"":""donor""},{""layer"":22,""patch_kind"":""audio_tokens"",""source"":""target""}]",post_decoder_block_output,audio_tokens,-33.06171798706055,-40.564456939697266,-32.65553665161133,-39.96382141113281,7.502738952636719,7.308284759521484,-32.88759231567383,-40.29574966430664,-32.83659362792969,-40.23102569580078,7.4081573486328125,7.394432067871094,0.09458160400390625,0.08614730834960938,0.09036445617675781,True,True,
pair_0053,14,01,02,01,pair_0053_happy,pair_0053_sad,upper_prompt__upper_spaced,Listen to the speech. Is the speaker HAPPY or SAD? Answer only HAPPY or SAD., HAPPY, SAD,"[86777, 56]","[328, 1808]",audio_restore,audio_restore_at_22,17,22,,"[{""layer"":17,""patch_kind"":""audio_tokens"",""source"":""donor""},{""layer"":22,""patch_kind"":""audio_tokens"",""source"":""target""}]",post_decoder_block_output,audio_tokens,-32.91709899902344,-40.55295181274414,-32.84587860107422,-40.021785736083984,7.635852813720703,7.175907135009766,-32.86928939819336,-40.44243240356445,-32.886112213134766,-40.140350341796875,7.573143005371094,7.254238128662109,0.06270980834960938,0.07833099365234375,0.07052040100097656,True,True,
pair_0054,14,02,01,01,pair_0054_happy,pair_0054_sad,upper_prompt__upper_spaced,Listen to the speech. Is the speaker HAPPY or SAD? Answer only HAPPY or SAD., HAPPY, SAD,"[86777, 56]","[328, 1808]",audio_restore,audio_restore_at_22,17,22,,"[{""layer"":17,""patch_kind"":""audio_tokens"",""source"":""donor""},{""layer"":22,""patch_kind"":""audio_tokens"",""source"":""target""}]",post_decoder_block_output,audio_tokens,-33.21601867675781,-40.89824676513672,-33.51927947998047,-41.67512130737305,7.682228088378906,8.155841827392578,-33.312255859375,-40.83453369140625,-33.430233001708984,-41.735286712646484,7.52227783203125,8.3050537109375,0.15995025634765625,0.14921188354492188,0.15458106994628906,True,True,
pair_0055,14,02,02,01,pair_0055_happy,pair_0055_sad,upper_prompt__upper_spaced,Listen to the speech. Is the speaker HAPPY or SAD? Answer only HAPPY or SAD., HAPPY, SAD,"[86777, 56]","[328, 1808]",audio_restore,audio_restore_at_22,17,22,,"[{""layer"":17,""patch_kind"":""audio_tokens"",""source"":""donor""},{""layer"":22,""patch_kind"":""audio_tokens"",""source"":""target""}]",post_decoder_block_output,audio_tokens,-33.17320251464844,-41.08036804199219,-33.24814987182617,-40.91963577270508,7.90716552734375,7.671485900878906,-33.1984748840332,-41.094051361083984,-33.22314453125,-40.898712158203125,7.895576477050781,7.675567626953125,0.01158905029296875,0.00408172607421875,0.00783538818359375,True,True,
pair_0056,15,01,01,01,pair_0056_happy,pair_0056_sad,upper_prompt__upper_spaced,Listen to the speech. Is the speaker HAPPY or SAD? Answer only HAPPY or SAD., HAPPY, SAD,"[86777, 56]","[328, 1808]",audio_restore,audio_restore_at_22,17,22,,"[{""layer"":17,""patch_kind"":""audio_tokens"",""source"":""donor""},{""layer"":22,""patch_kind"":""audio_tokens"",""source"":""target""}]",post_decoder_block_output,audio_tokens,-33.03741455078125,-40.725318908691406,-33.44915008544922,-41.195709228515625,7.687904357910156,7.746559143066406,-33.075775146484375,-40.90997314453125,-33.37407684326172,-41.03008270263672,7.834197998046875,7.656005859375,-0.14629364013671875,-0.09055328369140625,-0.1184234619140625,False,False,
pair_0057,15,01,02,01,pair_0057_happy,pair_0057_sad,upper_prompt__upper_spaced,Listen to the speech. Is the speaker HAPPY or SAD? Answer only HAPPY or SAD., HAPPY, SAD,"[86777, 56]","[328, 1808]",audio_restore,audio_restore_at_22,17,22,,"[{""layer"":17,""patch_kind"":""audio_tokens"",""source"":""donor""},{""layer"":22,""patch_kind"":""audio_tokens"",""source"":""target""}]",post_decoder_block_output,audio_tokens,-32.95622253417969,-40.58873748779297,-33.00595474243164,-40.605865478515625,7.632514953613281,7.599910736083984,-32.87456512451172,-40.62349319458008,-33.09092712402344,-40.573909759521484,7.748928070068359,7.482982635498047,-0.11641311645507812,-0.1169281005859375,-0.11667060852050781,False,False,
pair_0058,15,02,01,01,pair_0058_happy,pair_0058_sad,upper_prompt__upper_spaced,Listen to the speech. Is the speaker HAPPY or SAD? Answer only HAPPY or SAD., HAPPY, SAD,"[86777, 56]","[328, 1808]",audio_restore,audio_restore_at_22,17,22,,"[{""layer"":17,""patch_kind"":""audio_tokens"",""source"":""donor""},{""layer"":22,""patch_kind"":""audio_tokens"",""source"":""target""}]",post_decoder_block_output,audio_tokens,-33.24750518798828,-40.604522705078125,-33.217918395996094,-41.100120544433594,7.357017517089844,7.8822021484375,-33.2807731628418,-41.014381408691406,-33.18560791015625,-40.69301986694336,7.733608245849609,7.507411956787109,-0.3765907287597656,-0.3747901916503906,-0.3756904602050781,False,False,
pair_0059,15,02,02,01,pair_0059_happy,pair_0059_sad,upper_prompt__upper_spaced,Listen to the speech. Is the speaker HAPPY or SAD? Answer only HAPPY or SAD., HAPPY, SAD,"[86777, 56]","[328, 1808]",audio_restore,audio_restore_at_22,17,22,,"[{""layer"":17,""patch_kind"":""audio_tokens"",""source"":""donor""},{""layer"":22,""patch_kind"":""audio_tokens"",""source"":""target""}]",post_decoder_block_output,audio_tokens,-33.364715576171875,-41.49150848388672,-33.11582565307617,-41.85844802856445,8.126792907714844,8.742622375488281,-33.46483612060547,-41.428245544433594,-32.95430374145508,-41.96530532836914,7.963409423828125,9.011001586914062,0.16338348388671875,0.26837921142578125,0.21588134765625,True,True,
pair_0060,16,01,01,01,pair_0060_happy,pair_0060_sad,upper_prompt__upper_spaced,Listen to the speech. Is the speaker HAPPY or SAD? Answer only HAPPY or SAD., HAPPY, SAD,"[86777, 56]","[328, 1808]",audio_restore,audio_restore_at_22,17,22,,"[{""layer"":17,""patch_kind"":""audio_tokens"",""source"":""donor""},{""layer"":22,""patch_kind"":""audio_tokens"",""source"":""target""}]",post_decoder_block_output,audio_tokens,-32.718482971191406,-40.322914123535156,-32.85485076904297,-40.16510772705078,7.60443115234375,7.3102569580078125,-32.792686462402344,-40.136749267578125,-32.779747009277344,-40.34581756591797,7.344062805175781,7.566070556640625,0.26036834716796875,0.2558135986328125,0.2580909729003906,True,True,
pair_0061,16,01,02,01,pair_0061_happy,pair_0061_sad,upper_prompt__upper_spaced,Listen to the speech. Is the speaker HAPPY or SAD? Answer only HAPPY or SAD., HAPPY, SAD,"[86777, 56]","[328, 1808]",audio_restore,audio_restore_at_22,17,22,,"[{""layer"":17,""patch_kind"":""audio_tokens"",""source"":""donor""},{""layer"":22,""patch_kind"":""audio_tokens"",""source"":""target""}]",post_decoder_block_output,audio_tokens,-32.90414810180664,-40.371551513671875,-32.85542678833008,-40.74769592285156,7.467403411865234,7.892269134521484,-32.93759536743164,-40.380245208740234,-32.83470916748047,-40.80442428588867,7.442649841308594,7.969715118408203,0.024753570556640625,0.07744598388671875,0.05109977722167969,True,True,
pair_0062,16,02,01,01,pair_0062_happy,pair_0062_sad,upper_prompt__upper_spaced,Listen to the speech. Is the speaker HAPPY or SAD? Answer only HAPPY or SAD., HAPPY, SAD,"[86777, 56]","[328, 1808]",audio_restore,audio_restore_at_22,17,22,,"[{""layer"":17,""patch_kind"":""audio_tokens"",""source"":""donor""},{""layer"":22,""patch_kind"":""audio_tokens"",""source"":""target""}]",post_decoder_block_output,audio_tokens,-33.25511932373047,-41.43118667602539,-33.07981491088867,-41.44548416137695,8.176067352294922,8.365669250488281,-33.281253814697266,-41.34601593017578,-33.054500579833984,-41.55543518066406,8.064762115478516,8.500934600830078,0.11130523681640625,0.13526535034179688,0.12328529357910156,True,True,
pair_0063,16,02,02,01,pair_0063_happy,pair_0063_sad,upper_prompt__upper_spaced,Listen to the speech. Is the speaker HAPPY or SAD? Answer only HAPPY or SAD., HAPPY, SAD,"[86777, 56]","[328, 1808]",audio_restore,audio_restore_at_22,17,22,,"[{""layer"":17,""patch_kind"":""audio_tokens"",""source"":""donor""},{""layer"":22,""patch_kind"":""audio_tokens"",""source"":""target""}]",post_decoder_block_output,audio_tokens,-33.32183837890625,-41.305660247802734,-33.620216369628906,-40.60352325439453,7.983821868896484,6.983306884765625,-33.331199645996094,-41.08575439453125,-33.61644744873047,-40.78855514526367,7.754554748535156,7.172107696533203,0.22926712036132812,0.18880081176757812,0.20903396606445312,True,True,
pair_0064,17,01,01,01,pair_0064_happy,pair_0064_sad,upper_prompt__upper_spaced,Listen to the speech. Is the speaker HAPPY or SAD? Answer only HAPPY or SAD., HAPPY, SAD,"[86777, 56]","[328, 1808]",audio_restore,audio_restore_at_22,17,22,,"[{""layer"":17,""patch_kind"":""audio_tokens"",""source"":""donor""},{""layer"":22,""patch_kind"":""audio_tokens"",""source"":""target""}]",post_decoder_block_output,audio_tokens,-33.047271728515625,-40.40711212158203,-32.825252532958984,-39.98970031738281,7.359840393066406,7.164447784423828,-33.00746154785156,-40.3145751953125,-32.86065673828125,-40.0829963684082,7.3071136474609375,7.222339630126953,0.05272674560546875,0.057891845703125,0.055309295654296875,True,True,
pair_0065,17,01,02,01,pair_0065_happy,pair_0065_sad,upper_prompt__upper_spaced,Listen to the speech. Is the speaker HAPPY or SAD? Answer only HAPPY or SAD., HAPPY, SAD,"[86777, 56]","[328, 1808]",audio_restore,audio_restore_at_22,17,22,,"[{""layer"":17,""patch_kind"":""audio_tokens"",""source"":""donor""},{""layer"":22,""patch_kind"":""audio_tokens"",""source"":""target""}]",post_decoder_block_output,audio_tokens,-32.825347900390625,-40.233551025390625,-33.10691833496094,-40.32878875732422,7.408203125,7.221870422363281,-32.88726806640625,-40.31666946411133,-33.04909133911133,-40.23102569580078,7.429401397705078,7.181934356689453,-0.021198272705078125,-0.039936065673828125,-0.030567169189453125,False,False,
pair_0066,17,02,01,01,pair_0066_happy,pair_0066_sad,upper_prompt__upper_spaced,Listen to the speech. Is the speaker HAPPY or SAD? Answer only HAPPY or SAD., HAPPY, SAD,"[86777, 56]","[328, 1808]",audio_restore,audio_restore_at_22,17,22,,"[{""layer"":17,""patch_kind"":""audio_tokens"",""source"":""donor""},{""layer"":22,""patch_kind"":""audio_tokens"",""source"":""target""}]",post_decoder_block_output,audio_tokens,-33.225982666015625,-41.648773193359375,-32.85729217529297,-41.228981018066406,8.42279052734375,8.371688842773438,-33.16297149658203,-41.596107482910156,-32.925018310546875,-41.29632568359375,8.433135986328125,8.371307373046875,-0.010345458984375,-0.0003814697265625,-0.00536346435546875,False,False,
pair_0067,17,02,02,01,pair_0067_happy,pair_0067_sad,upper_prompt__upper_spaced,Listen to the speech. Is the speaker HAPPY or SAD? Answer only HAPPY or SAD., HAPPY, SAD,"[86777, 56]","[328, 1808]",audio_restore,audio_restore_at_22,17,22,,"[{""layer"":17,""patch_kind"":""audio_tokens"",""source"":""donor""},{""layer"":22,""patch_kind"":""audio_tokens"",""source"":""target""}]",post_decoder_block_output,audio_tokens,-32.88420104980469,-41.580013275146484,-33.33070755004883,-41.2586669921875,8.695812225341797,7.927959442138672,-32.929603576660156,-41.61595153808594,-33.30014419555664,-41.221778869628906,8.686347961425781,7.921634674072266,0.009464263916015625,-0.00632476806640625,0.0015697479248046875,True,False,
pair_0068,18,01,01,01,pair_0068_happy,pair_0068_sad,upper_prompt__upper_spaced,Listen to the speech. Is the speaker HAPPY or SAD? Answer only HAPPY or SAD., HAPPY, SAD,"[86777, 56]","[328, 1808]",audio_restore,audio_restore_at_22,17,22,,"[{""layer"":17,""patch_kind"":""audio_tokens"",""source"":""donor""},{""layer"":22,""patch_kind"":""audio_tokens"",""source"":""target""}]",post_decoder_block_output,audio_tokens,-32.873573303222656,-40.20233917236328,-32.98768615722656,-40.38367462158203,7.328765869140625,7.395988464355469,-32.89591979980469,-40.315853118896484,-32.965797424316406,-40.226524353027344,7.419933319091797,7.2607269287109375,-0.09116744995117188,-0.13526153564453125,-0.11321449279785156,False,False,
pair_0069,18,01,02,01,pair_0069_happy,pair_0069_sad,upper_prompt__upper_spaced,Listen to the speech. Is the speaker HAPPY or SAD? Answer only HAPPY or SAD., HAPPY, SAD,"[86777, 56]","[328, 1808]",audio_restore,audio_restore_at_22,17,22,,"[{""layer"":17,""patch_kind"":""audio_tokens"",""source"":""donor""},{""layer"":22,""patch_kind"":""audio_tokens"",""source"":""target""}]",post_decoder_block_output,audio_tokens,-33.52810287475586,-40.777305603027344,-32.93345642089844,-40.354618072509766,7.249202728271484,7.421161651611328,-33.47765350341797,-40.40762710571289,-32.934959411621094,-40.833946228027344,6.929973602294922,7.89898681640625,0.3192291259765625,0.4778251647949219,0.3985271453857422,True,True,
pair_0070,18,02,01,01,pair_0070_happy,pair_0070_sad,upper_prompt__upper_spaced,Listen to the speech. Is the speaker HAPPY or SAD? Answer only HAPPY or SAD., HAPPY, SAD,"[86777, 56]","[328, 1808]",audio_restore,audio_restore_at_22,17,22,,"[{""layer"":17,""patch_kind"":""audio_tokens"",""source"":""donor""},{""layer"":22,""patch_kind"":""audio_tokens"",""source"":""target""}]",post_decoder_block_output,audio_tokens,-33.22041320800781,-40.528839111328125,-33.094181060791016,-41.21221160888672,7.3084259033203125,8.118030548095703,-33.234222412109375,-40.469032287597656,-33.08330154418945,-41.27709197998047,7.234809875488281,8.193790435791016,0.07361602783203125,0.0757598876953125,0.07468795776367188,True,True,
pair_0071,18,02,02,01,pair_0071_happy,pair_0071_sad,upper_prompt__upper_spaced,Listen to the speech. Is the speaker HAPPY or SAD? Answer only HAPPY or SAD., HAPPY, SAD,"[86777, 56]","[328, 1808]",audio_restore,audio_restore_at_22,17,22,,"[{""layer"":17,""patch_kind"":""audio_tokens"",""source"":""donor""},{""layer"":22,""patch_kind"":""audio_tokens"",""source"":""target""}]",post_decoder_block_output,audio_tokens,-32.607757568359375,-42.768131256103516,-33.611968994140625,-41.22502899169922,10.16037368774414,7.613059997558594,-32.71691131591797,-42.603370666503906,-33.60981369018555,-40.56797409057617,9.886459350585938,6.958160400390625,0.2739143371582031,-0.6548995971679688,-0.1904926300048828,True,False,
pair_0072,19,01,01,01,pair_0072_happy,pair_0072_sad,upper_prompt__upper_spaced,Listen to the speech. Is the speaker HAPPY or SAD? Answer only HAPPY or SAD., HAPPY, SAD,"[86777, 56]","[328, 1808]",audio_restore,audio_restore_at_22,17,22,,"[{""layer"":17,""patch_kind"":""audio_tokens"",""source"":""donor""},{""layer"":22,""patch_kind"":""audio_tokens"",""source"":""target""}]",post_decoder_block_output,audio_tokens,-32.86315155029297,-40.23444747924805,-32.857505798339844,-40.488773345947266,7.371295928955078,7.631267547607422,-32.856788635253906,-40.181583404541016,-32.87522888183594,-40.511985778808594,7.324794769287109,7.636756896972656,0.04650115966796875,0.005489349365234375,0.025995254516601562,True,True,
pair_0073,19,01,02,01,pair_0073_happy,pair_0073_sad,upper_prompt__upper_spaced,Listen to the speech. Is the speaker HAPPY or SAD? Answer only HAPPY or SAD., HAPPY, SAD,"[86777, 56]","[328, 1808]",audio_restore,audio_restore_at_22,17,22,,"[{""layer"":17,""patch_kind"":""audio_tokens"",""source"":""donor""},{""layer"":22,""patch_kind"":""audio_tokens"",""source"":""target""}]",post_decoder_block_output,audio_tokens,-32.68644714355469,-40.35894012451172,-32.995384216308594,-40.74091720581055,7.672492980957031,7.745532989501953,-32.82964324951172,-40.45889663696289,-32.861244201660156,-40.624908447265625,7.629253387451172,7.763664245605469,0.043239593505859375,0.018131256103515625,0.0306854248046875,True,True,
pair_0074,19,02,01,01,pair_0074_happy,pair_0074_sad,upper_prompt__upper_spaced,Listen to the speech. Is the speaker HAPPY or SAD? Answer only HAPPY or SAD., HAPPY, SAD,"[86777, 56]","[328, 1808]",audio_restore,audio_restore_at_22,17,22,,"[{""layer"":17,""patch_kind"":""audio_tokens"",""source"":""donor""},{""layer"":22,""patch_kind"":""audio_tokens"",""source"":""target""}]",post_decoder_block_output,audio_tokens,-32.990203857421875,-41.2833137512207,-32.0921630859375,-41.11214828491211,8.293109893798828,9.01998519897461,-32.966373443603516,-41.67240905761719,-32.10503387451172,-40.6768913269043,8.706035614013672,8.571857452392578,-0.41292572021484375,-0.44812774658203125,-0.4305267333984375,False,False,
pair_0075,19,02,02,01,pair_0075_happy,pair_0075_sad,upper_prompt__upper_spaced,Listen to the speech. Is the speaker HAPPY or SAD? Answer only HAPPY or SAD., HAPPY, SAD,"[86777, 56]","[328, 1808]",audio_restore,audio_restore_at_22,17,22,,"[{""layer"":17,""patch_kind"":""audio_tokens"",""source"":""donor""},{""layer"":22,""patch_kind"":""audio_tokens"",""source"":""target""}]",post_decoder_block_output,audio_tokens,-32.99714660644531,-40.509002685546875,-33.23686981201172,-41.21039962768555,7.5118560791015625,7.973529815673828,-33.08903884887695,-40.476531982421875,-33.13018035888672,-41.29309844970703,7.387493133544922,8.162918090820312,0.12436294555664062,0.18938827514648438,0.1568756103515625,True,True,
pair_0076,20,01,01,01,pair_0076_happy,pair_0076_sad,upper_prompt__upper_spaced,Listen to the speech. Is the speaker HAPPY or SAD? Answer only HAPPY or SAD., HAPPY, SAD,"[86777, 56]","[328, 1808]",audio_restore,audio_restore_at_22,17,22,,"[{""layer"":17,""patch_kind"":""audio_tokens"",""source"":""donor""},{""layer"":22,""patch_kind"":""audio_tokens"",""source"":""target""}]",post_decoder_block_output,audio_tokens,-32.93125534057617,-39.985862731933594,-32.917728424072266,-40.04986572265625,7.054607391357422,7.132137298583984,-32.98196792602539,-39.993492126464844,-32.88043212890625,-40.10130310058594,7.011524200439453,7.2208709716796875,0.04308319091796875,0.08873367309570312,0.06590843200683594,True,True,
pair_0077,20,01,02,01,pair_0077_happy,pair_0077_sad,upper_prompt__upper_spaced,Listen to the speech. Is the speaker HAPPY or SAD? Answer only HAPPY or SAD., HAPPY, SAD,"[86777, 56]","[328, 1808]",audio_restore,audio_restore_at_22,17,22,,"[{""layer"":17,""patch_kind"":""audio_tokens"",""source"":""donor""},{""layer"":22,""patch_kind"":""audio_tokens"",""source"":""target""}]",post_decoder_block_output,audio_tokens,-33.075679779052734,-40.85244369506836,-32.795631408691406,-41.074798583984375,7.776763916015625,8.279167175292969,-33.10655212402344,-41.15871810913086,-32.77458953857422,-40.74571990966797,8.052165985107422,7.97113037109375,-0.2754020690917969,-0.30803680419921875,-0.2917194366455078,False,False,
pair_0078,20,02,01,01,pair_0078_happy,pair_0078_sad,upper_prompt__upper_spaced,Listen to the speech. Is the speaker HAPPY or SAD? Answer only HAPPY or SAD., HAPPY, SAD,"[86777, 56]","[328, 1808]",audio_restore,audio_restore_at_22,17,22,,"[{""layer"":17,""patch_kind"":""audio_tokens"",""source"":""donor""},{""layer"":22,""patch_kind"":""audio_tokens"",""source"":""target""}]",post_decoder_block_output,audio_tokens,-33.295528411865234,-40.692630767822266,-33.4690055847168,-42.57328796386719,7.397102355957031,9.10428237915039,-33.37025451660156,-39.781429290771484,-33.43596267700195,-42.66600799560547,6.411174774169922,9.230045318603516,0.9859275817871094,0.125762939453125,0.5558452606201172,True,True,
pair_0079,20,02,02,01,pair_0079_happy,pair_0079_sad,upper_prompt__upper_spaced,Listen to the speech. Is the speaker HAPPY or SAD? Answer only HAPPY or SAD., HAPPY, SAD,"[86777, 56]","[328, 1808]",audio_restore,audio_restore_at_22,17,22,,"[{""layer"":17,""patch_kind"":""audio_tokens"",""source"":""donor""},{""layer"":22,""patch_kind"":""audio_tokens"",""source"":""target""}]",post_decoder_block_output,audio_tokens,-33.082611083984375,-41.00581359863281,-33.35601806640625,-40.29431915283203,7.9232025146484375,6.938301086425781,-33.140968322753906,-40.97926712036133,-33.28599548339844,-40.308502197265625,7.838298797607422,7.0225067138671875,0.08490371704101562,0.08420562744140625,0.08455467224121094,True,True,
pair_0080,21,01,01,01,pair_0080_happy,pair_0080_sad,upper_prompt__upper_spaced,Listen to the speech. Is the speaker HAPPY or SAD? Answer only HAPPY or SAD., HAPPY, SAD,"[86777, 56]","[328, 1808]",audio_restore,audio_restore_at_22,17,22,,"[{""layer"":17,""patch_kind"":""audio_tokens"",""source"":""donor""},{""layer"":22,""patch_kind"":""audio_tokens"",""source"":""target""}]",post_decoder_block_output,audio_tokens,-32.85218811035156,-40.01437759399414,-32.76691818237305,-39.70962142944336,7.162189483642578,6.9427032470703125,-32.86933898925781,-39.585044860839844,-32.764163970947266,-40.119808197021484,6.715705871582031,7.355644226074219,0.4464836120605469,0.41294097900390625,0.42971229553222656,True,True,
pair_0081,21,01,02,01,pair_0081_happy,pair_0081_sad,upper_prompt__upper_spaced,Listen to the speech. Is the speaker HAPPY or SAD? Answer only HAPPY or SAD., HAPPY, SAD,"[86777, 56]","[328, 1808]",audio_restore,audio_restore_at_22,17,22,,"[{""layer"":17,""patch_kind"":""audio_tokens"",""source"":""donor""},{""layer"":22,""patch_kind"":""audio_tokens"",""source"":""target""}]",post_decoder_block_output,audio_tokens,-32.643226623535156,-40.15229034423828,-32.66883087158203,-39.679649353027344,7.509063720703125,7.0108184814453125,-32.63840103149414,-39.85071563720703,-32.685237884521484,-40.02122497558594,7.212314605712891,7.335987091064453,0.2967491149902344,0.3251686096191406,0.3109588623046875,True,True,
pair_0082,21,02,01,01,pair_0082_happy,pair_0082_sad,upper_prompt__upper_spaced,Listen to the speech. Is the speaker HAPPY or SAD? Answer only HAPPY or SAD., HAPPY, SAD,"[86777, 56]","[328, 1808]",audio_restore,audio_restore_at_22,17,22,,"[{""layer"":17,""patch_kind"":""audio_tokens"",""source"":""donor""},{""layer"":22,""patch_kind"":""audio_tokens"",""source"":""target""}]",post_decoder_block_output,audio_tokens,-33.23106002807617,-40.944679260253906,-33.096656799316406,-40.35962677001953,7.713619232177734,7.262969970703125,-33.20270538330078,-41.09967803955078,-33.130393981933594,-40.21294021606445,7.89697265625,7.082546234130859,-0.18335342407226562,-0.18042373657226562,-0.18188858032226562,False,False,
pair_0083,21,02,02,01,pair_0083_happy,pair_0083_sad,upper_prompt__upper_spaced,Listen to the speech. Is the speaker HAPPY or SAD? Answer only HAPPY or SAD., HAPPY, SAD,"[86777, 56]","[328, 1808]",audio_restore,audio_restore_at_22,17,22,,"[{""layer"":17,""patch_kind"":""audio_tokens"",""source"":""donor""},{""layer"":22,""patch_kind"":""audio_tokens"",""source"":""target""}]",post_decoder_block_output,audio_tokens,-33.2512321472168,-40.80183029174805,-33.164058685302734,-40.42896270751953,7.55059814453125,7.264904022216797,-33.2388916015625,-40.463584899902344,-33.1771125793457,-40.76189041137695,7.224693298339844,7.58477783203125,0.32590484619140625,0.3198738098144531,0.3228893280029297,True,True,
pair_0084,22,01,01,01,pair_0084_happy,pair_0084_sad,upper_prompt__upper_spaced,Listen to the speech. Is the speaker HAPPY or SAD? Answer only HAPPY or SAD., HAPPY, SAD,"[86777, 56]","[328, 1808]",audio_restore,audio_restore_at_22,17,22,,"[{""layer"":17,""patch_kind"":""audio_tokens"",""source"":""donor""},{""layer"":22,""patch_kind"":""audio_tokens"",""source"":""target""}]",post_decoder_block_output,audio_tokens,-32.87738800048828,-40.39521026611328,-32.697532653808594,-40.488182067871094,7.517822265625,7.7906494140625,-32.89033889770508,-40.62608337402344,-32.68195343017578,-40.235164642333984,7.735744476318359,7.553211212158203,-0.21792221069335938,-0.23743820190429688,-0.22768020629882812,False,False,
pair_0085,22,01,02,01,pair_0085_happy,pair_0085_sad,upper_prompt__upper_spaced,Listen to the speech. Is the speaker HAPPY or SAD? Answer only HAPPY or SAD., HAPPY, SAD,"[86777, 56]","[328, 1808]",audio_restore,audio_restore_at_22,17,22,,"[{""layer"":17,""patch_kind"":""audio_tokens"",""source"":""donor""},{""layer"":22,""patch_kind"":""audio_tokens"",""source"":""target""}]",post_decoder_block_output,audio_tokens,-32.9325065612793,-40.586273193359375,-32.7760009765625,-40.52599334716797,7.653766632080078,7.749992370605469,-32.99009704589844,-40.592552185058594,-32.71658706665039,-40.53556823730469,7.602455139160156,7.818981170654297,0.051311492919921875,0.06898880004882812,0.060150146484375,True,True,
pair_0086,22,02,01,01,pair_0086_happy,pair_0086_sad,upper_prompt__upper_spaced,Listen to the speech. Is the speaker HAPPY or SAD? Answer only HAPPY or SAD., HAPPY, SAD,"[86777, 56]","[328, 1808]",audio_restore,audio_restore_at_22,17,22,,"[{""layer"":17,""patch_kind"":""audio_tokens"",""source"":""donor""},{""layer"":22,""patch_kind"":""audio_tokens"",""source"":""target""}]",post_decoder_block_output,audio_tokens,-33.23915481567383,-41.107933044433594,-33.42022705078125,-41.151187896728516,7.868778228759766,7.730960845947266,-33.203529357910156,-41.03781509399414,-33.4492301940918,-41.20366668701172,7.834285736083984,7.754436492919922,0.03449249267578125,0.02347564697265625,0.02898406982421875,True,True,
pair_0087,22,02,02,01,pair_0087_happy,pair_0087_sad,upper_prompt__upper_spaced,Listen to the speech. Is the speaker HAPPY or SAD? Answer only HAPPY or SAD., HAPPY, SAD,"[86777, 56]","[328, 1808]",audio_restore,audio_restore_at_22,17,22,,"[{""layer"":17,""patch_kind"":""audio_tokens"",""source"":""donor""},{""layer"":22,""patch_kind"":""audio_tokens"",""source"":""target""}]",post_decoder_block_output,audio_tokens,-33.018150329589844,-40.8239631652832,-33.119110107421875,-41.39097595214844,7.805812835693359,8.271865844726562,-33.00789260864258,-40.74744415283203,-33.134002685546875,-41.48275375366211,7.739551544189453,8.348751068115234,0.06626129150390625,0.07688522338867188,0.07157325744628906,True,True,
pair_0088,23,01,01,01,pair_0088_happy,pair_0088_sad,upper_prompt__upper_spaced,Listen to the speech. Is the speaker HAPPY or SAD? Answer only HAPPY or SAD., HAPPY, SAD,"[86777, 56]","[328, 1808]",audio_restore,audio_restore_at_22,17,22,,"[{""layer"":17,""patch_kind"":""audio_tokens"",""source"":""donor""},{""layer"":22,""patch_kind"":""audio_tokens"",""source"":""target""}]",post_decoder_block_output,audio_tokens,-32.912872314453125,-40.31639862060547,-32.82685089111328,-40.44801330566406,7.403526306152344,7.621162414550781,-32.89756393432617,-40.235572814941406,-32.8563117980957,-40.563541412353516,7.338008880615234,7.7072296142578125,0.06551742553710938,0.08606719970703125,0.07579231262207031,True,True,
pair_0089,23,01,02,01,pair_0089_happy,pair_0089_sad,upper_prompt__upper_spaced,Listen to the speech. Is the speaker HAPPY or SAD? Answer only HAPPY or SAD., HAPPY, SAD,"[86777, 56]","[328, 1808]",audio_restore,audio_restore_at_22,17,22,,"[{""layer"":17,""patch_kind"":""audio_tokens"",""source"":""donor""},{""layer"":22,""patch_kind"":""audio_tokens"",""source"":""target""}]",post_decoder_block_output,audio_tokens,-32.942832946777344,-40.55699920654297,-33.03032684326172,-40.54861831665039,7.614166259765625,7.518291473388672,-32.87761688232422,-40.57648849487305,-33.078575134277344,-40.475624084472656,7.698871612548828,7.3970489501953125,-0.08470535278320312,-0.12124252319335938,-0.10297393798828125,False,False,
pair_0090,23,02,01,01,pair_0090_happy,pair_0090_sad,upper_prompt__upper_spaced,Listen to the speech. Is the speaker HAPPY or SAD? Answer only HAPPY or SAD., HAPPY, SAD,"[86777, 56]","[328, 1808]",audio_restore,audio_restore_at_22,17,22,,"[{""layer"":17,""patch_kind"":""audio_tokens"",""source"":""donor""},{""layer"":22,""patch_kind"":""audio_tokens"",""source"":""target""}]",post_decoder_block_output,audio_tokens,-32.80194091796875,-42.01996612548828,-33.03046798706055,-41.253273010253906,9.218025207519531,8.22280502319336,-32.84819412231445,-42.10364532470703,-32.98418426513672,-41.1856689453125,9.255451202392578,8.201484680175781,-0.037425994873046875,-0.021320343017578125,-0.0293731689453125,False,False,
pair_0091,23,02,02,01,pair_0091_happy,pair_0091_sad,upper_prompt__upper_spaced,Listen to the speech. Is the speaker HAPPY or SAD? Answer only HAPPY or SAD., HAPPY, SAD,"[86777, 56]","[328, 1808]",audio_restore,audio_restore_at_22,17,22,,"[{""layer"":17,""patch_kind"":""audio_tokens"",""source"":""donor""},{""layer"":22,""patch_kind"":""audio_tokens"",""source"":""target""}]",post_decoder_block_output,audio_tokens,-33.03374099731445,-42.197593688964844,-33.41120147705078,-40.790252685546875,9.16385269165039,7.379051208496094,-33.01282501220703,-41.583717346191406,-33.453155517578125,-41.29100799560547,8.570892333984375,7.837852478027344,0.5929603576660156,0.45880126953125,0.5258808135986328,True,True,
pair_0092,24,01,01,01,pair_0092_happy,pair_0092_sad,upper_prompt__upper_spaced,Listen to the speech. Is the speaker HAPPY or SAD? Answer only HAPPY or SAD., HAPPY, SAD,"[86777, 56]","[328, 1808]",audio_restore,audio_restore_at_22,17,22,,"[{""layer"":17,""patch_kind"":""audio_tokens"",""source"":""donor""},{""layer"":22,""patch_kind"":""audio_tokens"",""source"":""target""}]",post_decoder_block_output,audio_tokens,-32.89532470703125,-40.428348541259766,-32.5126838684082,-39.914405822753906,7.533023834228516,7.401721954345703,-32.911376953125,-40.40048599243164,-32.505374908447266,-39.93708801269531,7.489109039306641,7.431713104248047,0.043914794921875,0.02999114990234375,0.036952972412109375,True,True,
pair_0093,24,01,02,01,pair_0093_happy,pair_0093_sad,upper_prompt__upper_spaced,Listen to the speech. Is the speaker HAPPY or SAD? Answer only HAPPY or SAD., HAPPY, SAD,"[86777, 56]","[328, 1808]",audio_restore,audio_restore_at_22,17,22,,"[{""layer"":17,""patch_kind"":""audio_tokens"",""source"":""donor""},{""layer"":22,""patch_kind"":""audio_tokens"",""source"":""target""}]",post_decoder_block_output,audio_tokens,-32.79570388793945,-40.24006652832031,-32.68783950805664,-40.48069381713867,7.444362640380859,7.792854309082031,-32.82518005371094,-40.44446563720703,-32.661094665527344,-40.264530181884766,7.619285583496094,7.603435516357422,-0.17492294311523438,-0.18941879272460938,-0.18217086791992188,False,False,
pair_0094,24,02,01,01,pair_0094_happy,pair_0094_sad,upper_prompt__upper_spaced,Listen to the speech. Is the speaker HAPPY or SAD? Answer only HAPPY or SAD., HAPPY, SAD,"[86777, 56]","[328, 1808]",audio_restore,audio_restore_at_22,17,22,,"[{""layer"":17,""patch_kind"":""audio_tokens"",""source"":""donor""},{""layer"":22,""patch_kind"":""audio_tokens"",""source"":""target""}]",post_decoder_block_output,audio_tokens,-33.50531005859375,-41.442108154296875,-33.27792739868164,-40.785213470458984,7.936798095703125,7.507286071777344,-33.46453857421875,-41.47117233276367,-33.332176208496094,-40.811527252197266,8.006633758544922,7.479351043701172,-0.06983566284179688,-0.027935028076171875,-0.048885345458984375,False,False,
pair_0095,24,02,02,01,pair_0095_happy,pair_0095_sad,upper_prompt__upper_spaced,Listen to the speech. Is the speaker HAPPY or SAD? Answer only HAPPY or SAD., HAPPY, SAD,"[86777, 56]","[328, 1808]",audio_restore,audio_restore_at_22,17,22,,"[{""layer"":17,""patch_kind"":""audio_tokens"",""source"":""donor""},{""layer"":22,""patch_kind"":""audio_tokens"",""source"":""target""}]",post_decoder_block_output,audio_tokens,-33.193397521972656,-41.21372985839844,-33.260799407958984,-41.309837341308594,8.020332336425781,8.04903793334961,-33.16187286376953,-41.23706817626953,-33.293128967285156,-41.2866325378418,8.0751953125,7.993503570556641,-0.05486297607421875,-0.05553436279296875,-0.05519866943359375,False,False,
