actor,statement,layer,n_calibration,shift_norm,mean_norm
01,01,18,92,5.377445720231904,11.253330811002911
01,01,19,92,1.7896857412509661,5.894804537647791
01,01,20,92,7.649682713310205,17.82246967914003
01,01,21,92,11.449121568604552,21.46738271092668
01,01,22,92,9.96497897162438,12.248682854697053
01,01,23,92,8.676549573041852,5.636530081368287
01,02,18,92,5.377445720231904,12.925907774237453
01,02,19,92,1.789685741250966,5.815697945344474
01,02,20,92,7.649682713310205,12.027342842574953
01,02,21,92,11.449121568604554,11.781876307212519
01,02,22,92,9.96497897162438,17.772077398182326
01,02,23,92,8.676549573041852,17.924205151699198
02,01,18,92,5.380968966843982,11.270113100267587
02,01,19,92,1.789613059227828,5.906990036679386
02,01,20,92,7.652770314899214,17.82610751471958
02,01,21,92,11.457515200591814,21.466553395216614
02,01,22,92,9.942621909718138,12.225927127374755
02,01,23,92,8.662480675144716,5.648772380429647
02,02,18,92,5.380968966843982,12.934863717972448
02,02,19,92,1.789613059227828,5.801186703039585
02,02,20,92,7.652770314899214,12.046208472270203
02,02,21,92,11.457515200591814,11.799270232246768
02,02,22,92,9.942621909718138,17.759293906586173
02,02,23,92,8.662480675144716,17.900441438936834
03,01,18,92,5.375262527992692,11.243880596135675
03,01,19,92,1.7898413962511297,5.892959402090525
03,01,20,92,7.654237497566767,17.828332000352017
03,01,21,92,11.457075724823193,21.463975655399413
03,01,22,92,9.958568582116524,12.282249303571966
03,01,23,92,8.660336927077704,5.640021530167356
03,02,18,92,5.375262527992692,12.917766506945396
03,02,19,92,1.78984139625113,5.806161628372637
03,02,20,92,7.654237497566767,12.054988066980897
03,02,21,92,11.457075724823193,11.826931595451514
03,02,22,92,9.958568582116524,17.73830162969929
03,02,23,92,8.660336927077704,17.895139698651445
04,01,18,92,5.382469246160221,11.282879809973767
04,01,19,92,1.7922492471090732,5.899645876191588
04,01,20,92,7.65161610379483,17.828247993810557
04,01,21,92,11.431469069351248,21.433977768308214
04,01,22,92,9.94709823634824,12.242953246378676
04,01,23,92,8.667075017879508,5.647172030118473
04,02,18,92,5.3824692461602215,12.940540283209623
04,02,19,92,1.7922492471090732,5.819063179139927
04,02,20,92,7.65161610379483,12.03230948938883
04,02,21,92,11.431469069351248,11.748937437816343
04,02,22,92,9.94709823634824,17.73378294244605
04,02,23,92,8.667075017879508,17.908837108948916
05,01,18,92,5.391664956101999,11.289612992038446
05,01,19,92,1.8049294786477148,5.915221785070086
05,01,20,92,7.670501016390527,17.85937664363127
05,01,21,92,11.492197735056783,21.55398996923396
05,01,22,92,9.95238054257645,12.233230553983137
05,01,23,92,8.663281851199642,5.635703423725347
05,02,18,92,5.391664956101999,12.945164821307392
05,02,19,92,1.8049294786477148,5.812212972128009
05,02,20,92,7.670501016390527,12.047582347726436
05,02,21,92,11.492197735056783,11.81097695277611
05,02,22,92,9.95238054257645,17.774480810234863
05,02,23,92,8.66328185119964,17.900655791091623
06,01,18,92,5.386829332360765,11.27923991798868
06,01,19,92,1.7965464778109965,5.9129230792524305
06,01,20,92,7.642491520000903,17.813574233884065
06,01,21,92,11.44521241863802,21.44907459432529
06,01,22,92,9.975668707734913,12.236603980782837
06,01,23,92,8.656143380701192,5.634066215256947
06,02,18,92,5.386829332360764,12.938679841918079
06,02,19,92,1.7965464778109965,5.815437843812667
06,02,20,92,7.6424915200009025,12.027625978627896
06,02,21,92,11.44521241863802,11.81069821925369
06,02,22,92,9.975668707734913,17.823753339844437
06,02,23,92,8.656143380701192,17.883910664914847
07,01,18,92,5.3889051744544405,11.283249991589825
07,01,19,92,1.7896116016521413,5.8961958610228375
07,01,20,92,7.660584936625049,17.836902444969926
07,01,21,92,11.4824598574939,21.533945897449748
07,01,22,92,9.966180606390909,12.245972920443204
07,01,23,92,8.674670526300167,5.628995919048186
07,02,18,92,5.3889051744544405,12.961998689966755
07,02,19,92,1.7896116016521413,5.812906268371545
07,02,20,92,7.660584936625049,12.035810994655403
07,02,21,92,11.4824598574939,11.819872284492176
07,02,22,92,9.966180606390909,17.804223953795372
07,02,23,92,8.674670526300167,17.920749502656864
08,01,18,92,5.4360891255381665,11.305199903640094
08,01,19,92,1.8228988426189991,5.93085697720716
08,01,20,92,7.689088420817818,17.86748554108663
08,01,21,92,11.440516576879483,21.477116371620923
08,01,22,92,9.934567936819697,12.201262345283665
08,01,23,92,8.698214726759517,5.648446087514808
08,02,18,92,5.4360891255381665,13.054269159687355
08,02,19,92,1.8228988426189991,5.831703036685088
08,02,20,92,7.689088420817818,12.189501553885941
08,02,21,92,11.440516576879483,11.725422925738867
08,02,22,92,9.934567936819697,17.727018625968682
08,02,23,92,8.698214726759517,17.96422108703962
09,01,18,92,5.359772627554228,11.214260356855632
09,01,19,92,1.7798579059091064,5.886832237426462
09,01,20,92,7.650243997708766,17.845627011314242
09,01,21,92,11.425660669220457,21.39828542692109
09,01,22,92,9.95292479521408,12.200531738859322
09,01,23,92,8.704255287662045,5.639391684869737
09,02,18,92,5.359772627554228,12.893855559966742
09,02,19,92,1.7798579059091064,5.827258338915989
09,02,20,92,7.650243997708766,12.033206308364072
09,02,21,92,11.425660669220457,11.833800661329395
09,02,22,92,9.95292479521408,17.730164258766784
09,02,23,92,8.704255287662047,17.979281828547627
10,01,18,92,5.3980231751863315,11.261680746271857
10,01,19,92,1.7983260750511978,5.882225999024386
10,01,20,92,7.664575250154638,17.84264379213513
10,01,21,92,11.422207915079033,21.427172260601886
10,01,22,92,9.974646530863765,12.254119655313067
10,01,23,92,8.67794951748741,5.631852579962206
10,02,18,92,5.3980231751863315,12.982117918187383
10,02,19,92,1.7983260750511978,5.84097294070385
10,02,20,92,7.664575250154638,12.087547421263347
10,02,21,92,11.422207915079033,11.72804943040684
10,02,22,92,9.974646530863765,17.78032759554068
10,02,23,92,8.67794951748741,17.925586755076342
11,01,18,92,5.377012012657284,11.255977831742872
11,01,19,92,1.796961645961885,5.896671799779856
11,01,20,92,7.662933199463201,17.84891565385978
11,01,21,92,11.46058841924126,21.491080614469357
11,01,22,92,9.955665807055594,12.23005087358404
11,01,23,92,8.66325501754545,5.635909799486679
11,02,18,92,5.377012012657284,12.936243079706232
11,02,19,92,1.796961645961885,5.819513452945974
11,02,20,92,7.662933199463201,12.047575052514887
11,02,21,92,11.46058841924126,11.78578420504702
11,02,22,92,9.955665807055594,17.768223973868395
11,02,23,92,8.66325501754545,17.900207705455102
12,01,18,92,5.388490238564467,11.262808112598666
12,01,19,92,1.7948411382414513,5.904153847306691
12,01,20,92,7.659512491061887,17.83606366170502
12,01,21,92,11.428059460864159,21.43991204517986
12,01,22,92,9.963725897416513,12.273887250585306
12,01,23,92,8.644354183202386,5.6424473869488825
12,02,18,92,5.388490238564468,12.944126894286745
12,02,19,92,1.7948411382414513,5.814490835057676
12,02,20,92,7.659512491061887,12.083290884469921
12,02,21,92,11.428059460864159,11.73330025807678
12,02,22,92,9.963725897416513,17.767630629534718
12,02,23,92,8.644354183202386,17.866576999856484
13,01,18,92,5.371291784333851,11.268882409639659
13,01,19,92,1.802374735085933,5.911694417276238
13,01,20,92,7.6526459723126825,17.827299715918805
13,01,21,92,11.483638332600847,21.53424900231187
13,01,22,92,9.95761019922205,12.248046807802542
13,01,23,92,8.661448985462368,5.632514679517871
13,02,18,92,5.371291784333851,12.901120417365654
13,02,19,92,1.802374735085933,5.823938650226306
13,02,20,92,7.6526459723126825,12.05055664535805
13,02,21,92,11.483638332600847,11.813353639899356
13,02,22,92,9.95761019922205,17.776618557840745
13,02,23,92,8.661448985462368,17.897624853880025
14,01,18,92,5.3695166340857785,11.250228971507992
14,01,19,92,1.7793591442224146,5.874654635563509
14,01,20,92,7.655951662144649,17.84205490832821
14,01,21,92,11.454094161297155,21.50844853405865
14,01,22,92,9.988456982471378,12.278162050770984
14,01,23,92,8.696906472898549,5.641473271069008
14,02,18,92,5.3695166340857785,12.935930398167127
14,02,19,92,1.7793591442224146,5.820888771573515
14,02,20,92,7.655951662144649,12.061637451728544
14,02,21,92,11.454094161297155,11.743435520340396
14,02,22,92,9.988456982471378,17.815973298468535
14,02,23,92,8.69690647289855,17.961532741285797
15,01,18,92,5.382021287272905,11.335621358936839
15,01,19,92,1.8063862904866885,5.90762259623218
15,01,20,92,7.680648680334369,17.918939023316987
15,01,21,92,11.538468849248192,21.643823340582973
15,01,22,92,9.953589348486348,12.229005926500994
15,01,23,92,8.683455575909814,5.627835573379636
15,02,18,92,5.382021287272905,12.924244872278859
15,02,19,92,1.8063862904866885,5.818349817057384
15,02,20,92,7.680648680334369,12.012560377953687
15,02,21,92,11.538468849248192,11.865149046522788
15,02,22,92,9.953589348486348,17.786174766715842
15,02,23,92,8.683455575909814,17.938831548047162
16,01,18,92,5.3827405106292945,11.26071832850188
16,01,19,92,1.7900114583833162,5.893027210400838
16,01,20,92,7.657882077833397,17.832294311094987
16,01,21,92,11.450830901532584,21.462051261252206
16,01,22,92,9.953251525474196,12.221011509238481
16,01,23,92,8.676498246308642,5.638490467513127
16,02,18,92,5.3827405106292945,12.940704749114655
16,02,19,92,1.7900114583833162,5.812517189615817
16,02,20,92,7.657882077833397,12.062678483438235
16,02,21,92,11.450830901532585,11.800508705953991
16,02,22,92,9.953251525474196,17.789000490820413
16,02,23,92,8.676498246308642,17.92862946307025
17,01,18,92,5.370732620445194,11.258671249063045
17,01,19,92,1.8038990496246126,5.896793073042924
17,01,20,92,7.655697733932891,17.84435378337813
17,01,21,92,11.454180666880177,21.496163336170536
17,01,22,92,9.97431920303242,12.270493130038608
17,01,23,92,8.703182967491069,5.635133966270249
17,02,18,92,5.370732620445194,12.935059746699618
17,02,19,92,1.8038990496246126,5.815075275634874
17,02,20,92,7.655697733932891,12.015852292418867
17,02,21,92,11.454180666880177,11.788529849649441
17,02,22,92,9.974319203032422,17.762575075769284
17,02,23,92,8.70318296749107,17.974786590808197
18,01,18,92,5.393015058488165,11.264481548274091
18,01,19,92,1.805440699088976,5.893866160897365
18,01,20,92,7.669545466810999,17.84513868288773
18,01,21,92,11.53871112792484,21.647866888820225
18,01,22,92,10.053704943274756,12.33806866099899
18,01,23,92,8.764639626950755,5.628824338386251
18,02,18,92,5.393015058488165,12.974047722896492
18,02,19,92,1.805440699088976,5.823397107652893
18,02,20,92,7.669545466810999,12.093452294296927
18,02,21,92,11.538711127924838,11.837143364246767
18,02,22,92,10.053704943274756,17.928918170053578
18,02,23,92,8.764639626950753,18.096607570445958
19,01,18,92,5.373227862996627,11.254069407743549
19,01,19,92,1.7992245545377605,5.885365230098449
19,01,20,92,7.636541595746767,17.80948634183697
19,01,21,92,11.449283597148638,21.456600184747302
19,01,22,92,9.946519435964264,12.25076771543994
19,01,23,92,8.670903523120352,5.635799292696801
19,02,18,92,5.373227862996627,12.922236866204928
19,02,19,92,1.7992245545377605,5.826226244833476
19,02,20,92,7.636541595746767,12.007287623977936
19,02,21,92,11.449283597148638,11.793485448220402
19,02,22,92,9.946519435964264,17.733042403666964
19,02,23,92,8.670903523120352,17.91568056102138
20,01,18,92,5.364085580991098,11.232018411157945
20,01,19,92,1.7952357654998095,5.88328355714162
20,01,20,92,7.666058525630015,17.85704333126883
20,01,21,92,11.481387675460487,21.538681145283398
20,01,22,92,10.000190714690115,12.32206645597166
20,01,23,92,8.724190956564772,5.628808181324307
20,02,18,92,5.364085580991098,12.95024474269787
20,02,19,92,1.7952357654998092,5.829179192175242
20,02,20,92,7.666058525630015,12.107437190040695
20,02,21,92,11.481387675460489,11.83314205752915
20,02,22,92,10.000190714690115,17.75851805551162
20,02,23,92,8.724190956564772,18.0157351098189
21,01,18,92,5.392774109590171,11.254277981661664
21,01,19,92,1.7858880254289116,5.895039263682513
21,01,20,92,7.651017028771601,17.80453502913576
21,01,21,92,11.417969928993186,21.427977835571117
21,01,22,92,9.935274288711401,12.161626043501213
21,01,23,92,8.659655061840901,5.657552941269664
21,02,18,92,5.392774109590171,12.953455829524923
21,02,19,92,1.7858880254289113,5.828280044569871
21,02,20,92,7.6510170287716,12.07027872129369
21,02,21,92,11.417969928993186,11.70096420991906
21,02,22,92,9.935274288711401,17.78475404475062
21,02,23,92,8.659655061840901,17.89330558038491
22,01,18,92,5.376539034502862,11.220277722273325
22,01,19,92,1.7922164478626321,5.9002504114148575
22,01,20,92,7.653605650147448,17.824166231816676
22,01,21,92,11.422555142737918,21.41511291099416
22,01,22,92,9.986573364574346,12.248329819404253
22,01,23,92,8.671997576084143,5.638632000637434
22,02,18,92,5.376539034502863,12.928249000230483
22,02,19,92,1.7922164478626321,5.80530378447992
22,02,20,92,7.653605650147448,12.057480166678731
22,02,21,92,11.422555142737918,11.738809678555358
22,02,22,92,9.986573364574346,17.819372153778826
22,02,23,92,8.671997576084143,17.917880241188644
23,01,18,92,5.382415643418383,11.268292192374238
23,01,19,92,1.806493896516903,5.902528536558867
23,01,20,92,7.665081034572444,17.840602570009406
23,01,21,92,11.449496682911551,21.47472785580635
23,01,22,92,9.959444365882236,12.224867024929372
23,01,23,92,8.679225334989267,5.645077993379317
23,02,18,92,5.382415643418383,12.937358849620683
23,02,19,92,1.806493896516903,5.821519175400843
23,02,20,92,7.665081034572443,12.087682311573385
23,02,21,92,11.449496682911553,11.788610192876542
23,02,22,92,9.959444365882236,17.759441242736635
23,02,23,92,8.679225334989267,17.92556276580077
24,01,18,92,5.395157695551791,11.224389718709185
24,01,19,92,1.8030539792479314,5.917732094479789
24,01,20,92,7.661162219826263,17.831629107086318
24,01,21,92,11.424098383467166,21.423148010767463
24,01,22,92,9.975612033502982,12.217754567821839
24,01,23,92,8.683088330267735,5.647046188975378
24,02,18,92,5.395157695551791,12.965614492325388
24,02,19,92,1.8030539792479314,5.811999232261995
24,02,20,92,7.661162219826263,12.050200850626878
24,02,21,92,11.424098383467166,11.736797596986971
24,02,22,92,9.975612033502982,17.827926023323037
24,02,23,92,8.683088330267735,17.944427223819346
