layer,metric,mean,ci_low,ci_high
18,cos_emotion_directions,-0.2636582501118508,-0.3433440136927367,0.19004986759911544
18,norm_offset,10.766000881863835,10.481842854249237,11.020889887390474
18,norm_d01,0.8080855312162633,0.594053870356562,1.315603617059467
18,norm_d02,0.5944430577727382,0.5176447417145915,1.302528933309376
18,norm_dshared,0.4338958921226315,0.43632002866647773,0.7926291801735355
18,offset_dot_d01,0.16771149223221343,-1.980018834483513,2.5459813790414745
18,offset_projection_d01,0.20754175858066412,-2.7385779051569408,2.2885469972773858
18,offset_to_gap_d01,0.25683142509467966,-4.093044458339646,2.300409336420726
18,offset_cos_d01,0.019277516401683036,-0.2561886345231955,0.2129999323933144
18,offset_dot_d02,2.6200033313292224,-0.8597231248007047,6.248612380353758
18,offset_projection_d02,4.407492521059733,-1.222149381894984,5.559383565357639
18,offset_to_gap_d02,7.414490695835097,-1.8019813289765652,7.097618958388938
18,offset_cos_d02,0.409389946129811,-0.11242816407208478,0.5156712529196771
18,offset_dot_dshared,1.3938574117807176,-0.8152890914499034,3.6345652432449502
18,offset_projection_dshared,3.212423618398243,-1.4674397259441692,5.594634197489877
18,offset_to_gap_dshared,7.403673730772079,-2.6445456942107888,9.543870312738333
18,offset_cos_dshared,0.2983859702082897,-0.13610425426714545,0.5186280347428802
19,cos_emotion_directions,0.4881421675945878,-0.039739332604263704,0.6094164066438007
19,norm_offset,3.592535852766592,3.425688103865287,3.7736036261014587
19,norm_d01,0.47357575461198825,0.3508965278709904,0.8234810414761374
19,norm_d02,0.35469485756211555,0.2978814889434521,0.640306899634141
19,norm_dshared,0.3584946603853051,0.28816223021698695,0.5557394846120407
19,offset_dot_d01,0.8345965102193997,-0.12318088311135371,1.7001998860621492
19,offset_projection_d01,1.7623294733557555,-0.30165851420880047,2.3064766472414
19,offset_to_gap_d01,3.7213253765486227,-0.6714765176892628,4.333347829726007
19,offset_cos_d01,0.49055306490500167,-0.0858921610658925,0.6259927945206571
19,offset_dot_d02,0.2082274977069896,-0.4268261994324063,0.8461257530009183
19,offset_projection_d02,0.587060943420991,-0.9838828041914781,1.639049323430653
19,offset_to_gap_d02,1.6551154630658345,-2.4101068433083075,3.751543124503873
19,offset_cos_d02,0.16341129705606103,-0.2699272960413927,0.45965244039848774
19,offset_dot_dshared,0.5214120039631945,0.04750542921450854,1.0229117356791724
19,offset_projection_dshared,1.4544484523222414,0.13683966549333731,2.0745523719407246
19,offset_to_gap_dshared,4.057099346358522,0.37173485393958433,5.170083303929346
19,offset_cos_dshared,0.40485287048761914,0.03899917413231778,0.5668100751304733
20,cos_emotion_directions,-0.1569322672250493,-0.26715356854965877,0.1877516373591711
20,norm_offset,15.317676492963319,15.104467159031048,15.518591011774983
20,norm_d01,0.5276177109888492,0.49033999939041767,0.8932721736258773
20,norm_d02,0.49688494502045755,0.3656571735941514,1.0999248139281748
20,norm_dshared,0.33278773585646027,0.31818807513268516,0.658933621487814
20,offset_dot_d01,-0.8964101717687365,-5.207679870530183,3.534426307155524
20,offset_projection_d01,-1.6989766512740914,-7.694719408537266,4.539822544254692
20,offset_to_gap_d01,-3.2200902583234132,-12.337324213231534,6.010006892130845
20,offset_cos_d01,-0.11091608130349094,-0.5054313827505897,0.2964243398733254
20,offset_dot_d02,1.904719528895999,-0.4432385270007325,4.164175722525235
20,offset_projection_d02,3.833321069563858,-0.8859455958026554,4.676449078106769
20,offset_to_gap_d02,7.714705603338483,-1.8140875398983427,8.389272839817508
20,offset_cos_d02,0.2502547348695359,-0.057773307348093744,0.3044902198247442
20,offset_dot_dshared,0.5041546785636313,-1.7362052356039475,2.461176571191817
20,offset_projection_dshared,1.5149436840457542,-4.2256644694421235,4.892469463610813
20,offset_to_gap_dshared,4.552282193173092,-11.28148208321514,10.912632631989078
20,offset_cos_dshared,0.0989016633653083,-0.2768447251198973,0.3183764872478445
21,cos_emotion_directions,-0.05207875576938298,-0.27965445530540817,0.30235517364471864
21,norm_offset,22.91279994797172,22.29714345813288,23.472957618284017
21,norm_d01,1.4401365605308856,1.0686916235327426,2.303782592572924
21,norm_d02,0.4370343994619068,0.4550051487837218,1.1927414981077276
21,norm_dshared,0.7415249093374666,0.6033079908240573,1.3022040220728792
21,offset_dot_d01,10.863643207341457,-6.377484281211246,27.237535757089017
21,offset_projection_d01,7.543481295507651,-5.217788876939397,12.498934075993184
21,offset_to_gap_d01,5.238031935476212,-4.284323209273444,6.918013373033204
21,offset_cos_d01,0.3292256429871816,-0.23043110031001734,0.5455682539397496
21,offset_dot_d02,-1.4455325739594607,-5.331880294332602,2.40073508807215
21,offset_projection_d02,-3.307594495397284,-6.734436125929524,3.1804028068075634
21,offset_to_gap_d02,-7.568270368350222,-10.750897967653106,4.559348861397149
21,offset_cos_d02,-0.14435575324307223,-0.2930058601738266,0.13859801352246381
21,offset_dot_dshared,4.709055316690998,-3.745673023505145,12.696793694308592
21,offset_projection_dshared,6.350501860953555,-5.12267525664299,11.221602295517625
21,offset_to_gap_dshared,8.564111307639774,-7.032618272077424,12.005121094488542
21,offset_cos_dshared,0.2771595734861602,-0.22631774813921335,0.4872585568060738
22,cos_emotion_directions,-0.1322593282297135,-0.26431128844241547,0.15620113876280617
22,norm_offset,19.930564615116708,19.44571039370603,20.353533022003568
22,norm_d01,0.7561606773114053,0.7319429406316224,1.5054958776491485
22,norm_d02,1.2360273043559415,1.0353914929400176,2.666016484418068
22,norm_dshared,0.6804987156672162,0.6764033843321621,1.3917073190058868
22,offset_dot_d01,-0.4743747571944692,-8.10290490840369,7.001909246415984
22,offset_projection_d01,-0.6273465037631283,-6.902690041574601,6.459699992280877
22,offset_to_gap_d01,-0.8296470876979651,-6.671478330411968,6.446228347542602
22,offset_cos_d01,-0.03147660469625159,-0.3497931510986228,0.32157085826135423
22,offset_dot_d02,9.744554577219779,-2.1102507282274265,20.882140213097127
22,offset_projection_d02,7.883769673112025,-1.558305308425213,11.321991851920494
22,offset_to_gap_d02,6.378313525379628,-1.1421892143380474,7.81756613116794
22,offset_cos_d02,0.3955617828875973,-0.07879760109517651,0.5676688961053019
22,offset_dot_dshared,4.635089910012655,-2.9769417985687094,12.11266556430885
22,offset_projection_dshared,6.811313237333647,-3.2746861121032564,11.866876836541715
22,offset_to_gap_dshared,10.00929624188237,-3.6946394299915175,13.254720241816713
22,offset_cos_dshared,0.34175214645788204,-0.1657968690454994,0.5919826519756356
23,cos_emotion_directions,-0.016962290551806942,-0.18303024224918912,0.2457297291014855
23,norm_offset,17.360223266973325,16.858932386262197,17.77400598851328
23,norm_d01,0.3304867877447949,0.2552022251516954,0.6386728740719385
23,norm_d02,0.7422364832241464,0.46482778268209096,1.9018269721839072
23,norm_dshared,0.40367525195761683,0.29828758468943906,0.9728487411737957
23,offset_dot_d01,-0.253965669501406,-0.9410162246513556,0.43118607486562704
23,offset_projection_d01,-0.7684593724137642,-1.79351492920581,1.3136894694735617
23,offset_to_gap_d01,-2.32523477763709,-4.540295162731585,4.1127607905436125
23,offset_cos_d01,-0.044265523582044435,-0.1033583852592826,0.07592990846285412
23,offset_dot_d02,9.84791133198214,-8.488741877194197,28.150338514646602
23,offset_projection_d02,13.267889081933191,-11.432795192744551,15.554579249973102
23,offset_to_gap_d02,17.875555004113764,-15.27578366990273,19.137789219893907
23,offset_cos_d02,0.7642694957255804,-0.6688066466688329,0.8902862984946737
23,offset_dot_dshared,4.7969728312403666,-4.31713310347026,13.998986643069374
23,offset_projection_dshared,11.883247258724735,-10.163354006470495,14.84176539497783
23,offset_to_gap_dshared,29.437641275002893,-23.55921219803793,28.61655398194817
23,offset_cos_dshared,0.684510047824778,-0.591220029799675,0.8510419442753743
