family,layer_index,layer,scope,groups,comparisons,parallelism_cosine
audio_encoder,0,conv2,all,1,4560,0.7161262631416321
audio_encoder,0,conv2,text,48,48,0.8532159666464693
audio_encoder,0,conv2,speaker,4,1104,0.7108418437788241
audio_encoder,0,conv2,repetition,48,48,0.8148021912554658
audio_encoder,1,block_0,all,1,4560,0.535947322845459
audio_encoder,1,block_0,text,48,48,0.6916135998382803
audio_encoder,1,block_0,speaker,4,1104,0.5288656871411256
audio_encoder,1,block_0,repetition,48,48,0.7032099410465245
audio_encoder,2,block_1,all,1,4560,0.5068603754043579
audio_encoder,2,block_1,text,48,48,0.6722630040197691
audio_encoder,2,block_1,speaker,4,1104,0.49996274553990866
audio_encoder,2,block_1,repetition,48,48,0.6992298263518203
audio_encoder,3,block_2,all,1,4560,0.45988014340400696
audio_encoder,3,block_2,text,48,48,0.6261325221509705
audio_encoder,3,block_2,speaker,4,1104,0.45408686112651286
audio_encoder,3,block_2,repetition,48,48,0.6803694532353514
audio_encoder,4,block_3,all,1,4560,0.4404233396053314
audio_encoder,4,block_3,text,48,48,0.6077134757865447
audio_encoder,4,block_3,speaker,4,1104,0.43469863988661395
audio_encoder,4,block_3,repetition,48,48,0.6631976487919459
audio_encoder,5,block_4,all,1,4560,0.37725630402565
audio_encoder,5,block_4,text,48,48,0.5590340367540341
audio_encoder,5,block_4,speaker,4,1104,0.37284387007983694
audio_encoder,5,block_4,repetition,48,48,0.6268392993429572
audio_encoder,6,block_5,all,1,4560,0.3711474537849426
audio_encoder,6,block_5,text,48,48,0.5612103766960524
audio_encoder,6,block_5,speaker,4,1104,0.36574908813520113
audio_encoder,6,block_5,repetition,48,48,0.6177836365143591
audio_encoder,7,block_6,all,1,4560,0.4924783706665039
audio_encoder,7,block_6,text,48,48,0.6184317319531961
audio_encoder,7,block_6,speaker,4,1104,0.48543454583276807
audio_encoder,7,block_6,repetition,48,48,0.6650048677788681
audio_encoder,8,block_7,all,1,4560,0.4331108033657074
audio_encoder,8,block_7,text,48,48,0.5853533094172542
audio_encoder,8,block_7,speaker,4,1104,0.42439739143277333
audio_encoder,8,block_7,repetition,48,48,0.6261082052241397
audio_encoder,9,block_8,all,1,4560,0.4232896864414215
audio_encoder,9,block_8,text,48,48,0.567645025825944
audio_encoder,9,block_8,speaker,4,1104,0.4139393288594335
audio_encoder,9,block_8,repetition,48,48,0.619177792557053
audio_encoder,10,block_9,all,1,4560,0.39456674456596375
audio_encoder,10,block_9,text,48,48,0.5494423397426421
audio_encoder,10,block_9,speaker,4,1104,0.38437301530165835
audio_encoder,10,block_9,repetition,48,48,0.6000475031249602
audio_encoder,11,block_10,all,1,4560,0.3964845836162567
audio_encoder,11,block_10,text,48,48,0.54919932581476
audio_encoder,11,block_10,speaker,4,1104,0.387163262686877
audio_encoder,11,block_10,repetition,48,48,0.5989417526362399
audio_encoder,12,block_11,all,1,4560,0.2926314175128937
audio_encoder,12,block_11,text,48,48,0.48234964487574183
audio_encoder,12,block_11,speaker,4,1104,0.28066968103926787
audio_encoder,12,block_11,repetition,48,48,0.5608831829748426
audio_encoder,13,final,all,1,4560,0.15532128512859344
audio_encoder,13,final,text,48,48,0.3772483772125268
audio_encoder,13,final,speaker,4,1104,0.1428556930807284
audio_encoder,13,final,repetition,48,48,0.472937597649151
projector,0,projector_mean,all,1,4560,0.11362869292497635
projector,0,projector_mean,text,48,48,0.20769030434205327
projector,0,projector_mean,speaker,4,1104,0.10195363594770829
projector,0,projector_mean,repetition,48,48,0.4375417391143843
llm_audio_mean,0,embedding,all,1,4560,0.11362864077091217
llm_audio_mean,0,embedding,text,48,48,0.20769075465214973
llm_audio_mean,0,embedding,speaker,4,1104,0.10195358099597265
llm_audio_mean,0,embedding,repetition,48,48,0.4375418179599597
llm_audio_mean,1,layer_0,all,1,4560,0.12205779552459717
llm_audio_mean,1,layer_0,text,48,48,0.21781913194599575
llm_audio_mean,1,layer_0,speaker,4,1104,0.11020671553154361
llm_audio_mean,1,layer_0,repetition,48,48,0.4359385101300502
llm_audio_mean,2,layer_1,all,1,4560,0.11693902313709259
llm_audio_mean,2,layer_1,text,48,48,0.21090680789581553
llm_audio_mean,2,layer_1,speaker,4,1104,0.10604857622551955
llm_audio_mean,2,layer_1,repetition,48,48,0.4118681431756832
llm_audio_mean,3,layer_2,all,1,4560,0.11149799078702927
llm_audio_mean,3,layer_2,text,48,48,0.21727266456506644
llm_audio_mean,3,layer_2,speaker,4,1104,0.10192451755729473
llm_audio_mean,3,layer_2,repetition,48,48,0.3771579333029065
llm_audio_mean,4,layer_3,all,1,4560,0.11478321254253387
llm_audio_mean,4,layer_3,text,48,48,0.22123717107655216
llm_audio_mean,4,layer_3,speaker,4,1104,0.10487736697402981
llm_audio_mean,4,layer_3,repetition,48,48,0.3805240548348396
llm_audio_mean,5,layer_4,all,1,4560,0.12132102251052856
llm_audio_mean,5,layer_4,text,48,48,0.22803161111125514
llm_audio_mean,5,layer_4,speaker,4,1104,0.11211539844768177
llm_audio_mean,5,layer_4,repetition,48,48,0.38330967953161993
llm_audio_mean,6,layer_5,all,1,4560,0.12516526877880096
llm_audio_mean,6,layer_5,text,48,48,0.24063351918843254
llm_audio_mean,6,layer_5,speaker,4,1104,0.11620748883477437
llm_audio_mean,6,layer_5,repetition,48,48,0.38560997215322096
llm_audio_mean,7,layer_6,all,1,4560,0.12369129061698914
llm_audio_mean,7,layer_6,text,48,48,0.23953247519675513
llm_audio_mean,7,layer_6,speaker,4,1104,0.11485745362353587
llm_audio_mean,7,layer_6,repetition,48,48,0.37305651289044156
llm_audio_mean,8,layer_7,all,1,4560,0.11751195043325424
llm_audio_mean,8,layer_7,text,48,48,0.23924564432894035
llm_audio_mean,8,layer_7,speaker,4,1104,0.10833350280796727
llm_audio_mean,8,layer_7,repetition,48,48,0.3688834861489167
llm_audio_mean,9,layer_8,all,1,4560,0.11832813173532486
llm_audio_mean,9,layer_8,text,48,48,0.2366598833916882
llm_audio_mean,9,layer_8,speaker,4,1104,0.10954764600765507
llm_audio_mean,9,layer_8,repetition,48,48,0.37003743219101953
llm_audio_mean,10,layer_9,all,1,4560,0.11494966596364975
llm_audio_mean,10,layer_9,text,48,48,0.23034792054779088
llm_audio_mean,10,layer_9,speaker,4,1104,0.10617165122693012
llm_audio_mean,10,layer_9,repetition,48,48,0.37372480156018
llm_audio_mean,11,layer_10,all,1,4560,0.11062297224998474
llm_audio_mean,11,layer_10,text,48,48,0.22589948562509776
llm_audio_mean,11,layer_10,speaker,4,1104,0.10195310644358312
llm_audio_mean,11,layer_10,repetition,48,48,0.37328171586717224
llm_audio_mean,12,layer_11,all,1,4560,0.10901419073343277
llm_audio_mean,12,layer_11,text,48,48,0.22388482543735888
llm_audio_mean,12,layer_11,speaker,4,1104,0.10053834393296907
llm_audio_mean,12,layer_11,repetition,48,48,0.37245501009654963
llm_audio_mean,13,layer_12,all,1,4560,0.10655958205461502
llm_audio_mean,13,layer_12,text,48,48,0.22408294225122602
llm_audio_mean,13,layer_12,speaker,4,1104,0.09863015171708435
llm_audio_mean,13,layer_12,repetition,48,48,0.37145600668176443
llm_audio_mean,14,layer_13,all,1,4560,0.10450820624828339
llm_audio_mean,14,layer_13,text,48,48,0.2268943626689998
llm_audio_mean,14,layer_13,speaker,4,1104,0.09666526449978727
llm_audio_mean,14,layer_13,repetition,48,48,0.3706866480250148
llm_audio_mean,15,layer_14,all,1,4560,0.10136988759040833
llm_audio_mean,15,layer_14,text,48,48,0.2313281256379708
llm_audio_mean,15,layer_14,speaker,4,1104,0.09332064303130129
llm_audio_mean,15,layer_14,repetition,48,48,0.37828156936386553
llm_audio_mean,16,layer_15,all,1,4560,0.09985751658678055
llm_audio_mean,16,layer_15,text,48,48,0.23521132197063588
llm_audio_mean,16,layer_15,speaker,4,1104,0.09181420367790545
llm_audio_mean,16,layer_15,repetition,48,48,0.386004393252736
llm_audio_mean,17,layer_16,all,1,4560,0.09656495600938797
llm_audio_mean,17,layer_16,text,48,48,0.23959125376852808
llm_audio_mean,17,layer_16,speaker,4,1104,0.08786126205202363
llm_audio_mean,17,layer_16,repetition,48,48,0.386872162058357
llm_audio_mean,18,layer_17,all,1,4560,0.09514763206243515
llm_audio_mean,18,layer_17,text,48,48,0.23013310071736337
llm_audio_mean,18,layer_17,speaker,4,1104,0.08589685959575546
llm_audio_mean,18,layer_17,repetition,48,48,0.39334120792668176
llm_audio_mean,19,layer_18,all,1,4560,0.08955643326044083
llm_audio_mean,19,layer_18,text,48,48,0.22257875285386428
llm_audio_mean,19,layer_18,speaker,4,1104,0.07989752803020357
llm_audio_mean,19,layer_18,repetition,48,48,0.3926751079766618
llm_audio_mean,20,layer_19,all,1,4560,0.09069204330444336
llm_audio_mean,20,layer_19,text,48,48,0.21370730372405636
llm_audio_mean,20,layer_19,speaker,4,1104,0.08206068161522065
llm_audio_mean,20,layer_19,repetition,48,48,0.38877964803245374
llm_audio_mean,21,layer_20,all,1,4560,0.09334609657526016
llm_audio_mean,21,layer_20,text,48,48,0.216099312399782
llm_audio_mean,21,layer_20,speaker,4,1104,0.08530030031277329
llm_audio_mean,21,layer_20,repetition,48,48,0.3865726513894481
llm_audio_mean,22,layer_21,all,1,4560,0.09104987978935242
llm_audio_mean,22,layer_21,text,48,48,0.2161003497117742
llm_audio_mean,22,layer_21,speaker,4,1104,0.08310793209820097
llm_audio_mean,22,layer_21,repetition,48,48,0.38086670974328385
llm_audio_mean,23,layer_22,all,1,4560,0.09157351404428482
llm_audio_mean,23,layer_22,text,48,48,0.23808392026214487
llm_audio_mean,23,layer_22,speaker,4,1104,0.08362501951539168
llm_audio_mean,23,layer_22,repetition,48,48,0.3691859876696106
llm_audio_mean,24,layer_23,all,1,4560,0.05167687311768532
llm_audio_mean,24,layer_23,text,48,48,0.18400338862983182
llm_audio_mean,24,layer_23,speaker,4,1104,0.04659027514405269
llm_audio_mean,24,layer_23,repetition,48,48,0.32214161119918167
llm_decision,0,embedding,all,1,4560,0.0
llm_decision,0,embedding,text,48,48,0.0
llm_decision,0,embedding,speaker,4,1104,0.0
llm_decision,0,embedding,repetition,48,48,0.0
llm_decision,1,layer_0,all,1,4560,0.09946374595165253
llm_decision,1,layer_0,text,48,48,0.3209929207394023
llm_decision,1,layer_0,speaker,4,1104,0.09402213655192312
llm_decision,1,layer_0,repetition,48,48,0.37993843043538034
llm_decision,2,layer_1,all,1,4560,0.03243961185216904
llm_decision,2,layer_1,text,48,48,0.0820269978692915
llm_decision,2,layer_1,speaker,4,1104,0.020852514131663204
llm_decision,2,layer_1,repetition,48,48,0.1837458548681239
llm_decision,3,layer_2,all,1,4560,0.03279691934585571
llm_decision,3,layer_2,text,48,48,0.16900885947184388
llm_decision,3,layer_2,speaker,4,1104,0.028096847064682105
llm_decision,3,layer_2,repetition,48,48,0.17540966489729373
llm_decision,4,layer_3,all,1,4560,0.03494904562830925
llm_decision,4,layer_3,text,48,48,0.1803465093753932
llm_decision,4,layer_3,speaker,4,1104,0.029737988113185964
llm_decision,4,layer_3,repetition,48,48,0.16986293841800917
llm_decision,5,layer_4,all,1,4560,0.036034829914569855
llm_decision,5,layer_4,text,48,48,0.19041260442549537
llm_decision,5,layer_4,speaker,4,1104,0.030555789923394316
llm_decision,5,layer_4,repetition,48,48,0.17351141235023645
llm_decision,6,layer_5,all,1,4560,0.03709127753973007
llm_decision,6,layer_5,text,48,48,0.19639145576133132
llm_decision,6,layer_5,speaker,4,1104,0.031244517052447324
llm_decision,6,layer_5,repetition,48,48,0.17317749582028083
llm_decision,7,layer_6,all,1,4560,0.03771060332655907
llm_decision,7,layer_6,text,48,48,0.19795018181239388
llm_decision,7,layer_6,speaker,4,1104,0.031153557710735302
llm_decision,7,layer_6,repetition,48,48,0.18371355930617214
llm_decision,8,layer_7,all,1,4560,0.01839536614716053
llm_decision,8,layer_7,text,48,48,0.05545731427523459
llm_decision,8,layer_7,speaker,4,1104,0.006055060692804166
llm_decision,8,layer_7,repetition,48,48,0.2193912308844842
llm_decision,9,layer_8,all,1,4560,0.01871347613632679
llm_decision,9,layer_8,text,48,48,0.0545946032119475
llm_decision,9,layer_8,speaker,4,1104,0.006728442743253479
llm_decision,9,layer_8,repetition,48,48,0.21638051409438996
llm_decision,10,layer_9,all,1,4560,0.019774891436100006
llm_decision,10,layer_9,text,48,48,0.05714317310998396
llm_decision,10,layer_9,speaker,4,1104,0.007865553322498343
llm_decision,10,layer_9,repetition,48,48,0.21727493115601515
llm_decision,11,layer_10,all,1,4560,0.01512560062110424
llm_decision,11,layer_10,text,48,48,0.06486757510373369
llm_decision,11,layer_10,speaker,4,1104,0.008279777405709236
llm_decision,11,layer_10,repetition,48,48,0.19021498784811383
llm_decision,12,layer_11,all,1,4560,0.018063968047499657
llm_decision,12,layer_11,text,48,48,0.05515012399986254
llm_decision,12,layer_11,speaker,4,1104,0.015652339364068343
llm_decision,12,layer_11,repetition,48,48,0.17285266320080625
llm_decision,13,layer_12,all,1,4560,0.01710744947195053
llm_decision,13,layer_12,text,48,48,0.05076178139683046
llm_decision,13,layer_12,speaker,4,1104,0.01498579381789237
llm_decision,13,layer_12,repetition,48,48,0.17926643310275334
llm_decision,14,layer_13,all,1,4560,0.018390581011772156
llm_decision,14,layer_13,text,48,48,0.05053295137097369
llm_decision,14,layer_13,speaker,4,1104,0.01722207415160411
llm_decision,14,layer_13,repetition,48,48,0.19078350812565822
llm_decision,15,layer_14,all,1,4560,0.011057082563638687
llm_decision,15,layer_14,text,48,48,0.05244658443573182
llm_decision,15,layer_14,speaker,4,1104,0.011511216459742108
llm_decision,15,layer_14,repetition,48,48,0.18732902746128857
llm_decision,16,layer_15,all,1,4560,0.010593198239803314
llm_decision,16,layer_15,text,48,48,0.051145726238446675
llm_decision,16,layer_15,speaker,4,1104,0.009896962288626607
llm_decision,16,layer_15,repetition,48,48,0.1782803070456852
llm_decision,17,layer_16,all,1,4560,0.010261911898851395
llm_decision,17,layer_16,text,48,48,0.03772189332632572
llm_decision,17,layer_16,speaker,4,1104,0.010878704491088555
llm_decision,17,layer_16,repetition,48,48,0.17745392115699468
llm_decision,18,layer_17,all,1,4560,0.00940697081387043
llm_decision,18,layer_17,text,48,48,0.03367150029831711
llm_decision,18,layer_17,speaker,4,1104,0.010014691550685411
llm_decision,18,layer_17,repetition,48,48,0.15930495381838802
llm_decision,19,layer_18,all,1,4560,0.009083286859095097
llm_decision,19,layer_18,text,48,48,0.03697002876548678
llm_decision,19,layer_18,speaker,4,1104,0.009893730207928041
llm_decision,19,layer_18,repetition,48,48,0.15006885152498384
llm_decision,20,layer_19,all,1,4560,0.00951901450753212
llm_decision,20,layer_19,text,48,48,0.03787939679509408
llm_decision,20,layer_19,speaker,4,1104,0.010526481558025822
llm_decision,20,layer_19,repetition,48,48,0.1448440922545673
llm_decision,21,layer_20,all,1,4560,0.009313181973993778
llm_decision,21,layer_20,text,48,48,0.03855923805073971
llm_decision,21,layer_20,speaker,4,1104,0.009226258935603283
llm_decision,21,layer_20,repetition,48,48,0.14474992141240842
llm_decision,22,layer_21,all,1,4560,0.009005934931337833
llm_decision,22,layer_21,text,48,48,0.036351513948215654
llm_decision,22,layer_21,speaker,4,1104,0.009700381619150876
llm_decision,22,layer_21,repetition,48,48,0.14976258091683622
llm_decision,23,layer_22,all,1,4560,0.00865205843001604
llm_decision,23,layer_22,text,48,48,0.027922680222639152
llm_decision,23,layer_22,speaker,4,1104,0.010856585167373492
llm_decision,23,layer_22,repetition,48,48,0.14612288992054448
llm_decision,24,layer_23,all,1,4560,0.007218140177428722
llm_decision,24,layer_23,text,48,48,0.01931468957185077
llm_decision,24,layer_23,speaker,4,1104,0.00798683532560336
llm_decision,24,layer_23,repetition,48,48,0.15022140807081988
llm_prompt_last,0,embedding,all,1,4560,0.0
llm_prompt_last,0,embedding,text,48,48,0.0
llm_prompt_last,0,embedding,speaker,4,1104,0.0
llm_prompt_last,0,embedding,repetition,48,48,0.0
llm_prompt_last,1,layer_0,all,1,4560,0.0
llm_prompt_last,1,layer_0,text,48,48,0.0
llm_prompt_last,1,layer_0,speaker,4,1104,0.0
llm_prompt_last,1,layer_0,repetition,48,48,0.0
llm_prompt_last,2,layer_1,all,1,4560,0.0
llm_prompt_last,2,layer_1,text,48,48,0.0
llm_prompt_last,2,layer_1,speaker,4,1104,0.0
llm_prompt_last,2,layer_1,repetition,48,48,0.0
llm_prompt_last,3,layer_2,all,1,4560,0.0
llm_prompt_last,3,layer_2,text,48,48,0.0
llm_prompt_last,3,layer_2,speaker,4,1104,0.0
llm_prompt_last,3,layer_2,repetition,48,48,0.0
llm_prompt_last,4,layer_3,all,1,4560,0.0
llm_prompt_last,4,layer_3,text,48,48,0.0
llm_prompt_last,4,layer_3,speaker,4,1104,0.0
llm_prompt_last,4,layer_3,repetition,48,48,0.0
llm_prompt_last,5,layer_4,all,1,4560,0.0
llm_prompt_last,5,layer_4,text,48,48,0.0
llm_prompt_last,5,layer_4,speaker,4,1104,0.0
llm_prompt_last,5,layer_4,repetition,48,48,0.0
llm_prompt_last,6,layer_5,all,1,4560,0.0
llm_prompt_last,6,layer_5,text,48,48,0.0
llm_prompt_last,6,layer_5,speaker,4,1104,0.0
llm_prompt_last,6,layer_5,repetition,48,48,0.0
llm_prompt_last,7,layer_6,all,1,4560,0.0
llm_prompt_last,7,layer_6,text,48,48,0.0
llm_prompt_last,7,layer_6,speaker,4,1104,0.0
llm_prompt_last,7,layer_6,repetition,48,48,0.0
llm_prompt_last,8,layer_7,all,1,4560,0.0
llm_prompt_last,8,layer_7,text,48,48,0.0
llm_prompt_last,8,layer_7,speaker,4,1104,0.0
llm_prompt_last,8,layer_7,repetition,48,48,0.0
llm_prompt_last,9,layer_8,all,1,4560,0.0
llm_prompt_last,9,layer_8,text,48,48,0.0
llm_prompt_last,9,layer_8,speaker,4,1104,0.0
llm_prompt_last,9,layer_8,repetition,48,48,0.0
llm_prompt_last,10,layer_9,all,1,4560,0.0
llm_prompt_last,10,layer_9,text,48,48,0.0
llm_prompt_last,10,layer_9,speaker,4,1104,0.0
llm_prompt_last,10,layer_9,repetition,48,48,0.0
llm_prompt_last,11,layer_10,all,1,4560,0.0
llm_prompt_last,11,layer_10,text,48,48,0.0
llm_prompt_last,11,layer_10,speaker,4,1104,0.0
llm_prompt_last,11,layer_10,repetition,48,48,0.0
llm_prompt_last,12,layer_11,all,1,4560,0.0
llm_prompt_last,12,layer_11,text,48,48,0.0
llm_prompt_last,12,layer_11,speaker,4,1104,0.0
llm_prompt_last,12,layer_11,repetition,48,48,0.0
llm_prompt_last,13,layer_12,all,1,4560,0.0
llm_prompt_last,13,layer_12,text,48,48,0.0
llm_prompt_last,13,layer_12,speaker,4,1104,0.0
llm_prompt_last,13,layer_12,repetition,48,48,0.0
llm_prompt_last,14,layer_13,all,1,4560,0.0
llm_prompt_last,14,layer_13,text,48,48,0.0
llm_prompt_last,14,layer_13,speaker,4,1104,0.0
llm_prompt_last,14,layer_13,repetition,48,48,0.0
llm_prompt_last,15,layer_14,all,1,4560,0.0
llm_prompt_last,15,layer_14,text,48,48,0.0
llm_prompt_last,15,layer_14,speaker,4,1104,0.0
llm_prompt_last,15,layer_14,repetition,48,48,0.0
llm_prompt_last,16,layer_15,all,1,4560,0.0
llm_prompt_last,16,layer_15,text,48,48,0.0
llm_prompt_last,16,layer_15,speaker,4,1104,0.0
llm_prompt_last,16,layer_15,repetition,48,48,0.0
llm_prompt_last,17,layer_16,all,1,4560,0.0
llm_prompt_last,17,layer_16,text,48,48,0.0
llm_prompt_last,17,layer_16,speaker,4,1104,0.0
llm_prompt_last,17,layer_16,repetition,48,48,0.0
llm_prompt_last,18,layer_17,all,1,4560,0.0
llm_prompt_last,18,layer_17,text,48,48,0.0
llm_prompt_last,18,layer_17,speaker,4,1104,0.0
llm_prompt_last,18,layer_17,repetition,48,48,0.0
llm_prompt_last,19,layer_18,all,1,4560,0.0
llm_prompt_last,19,layer_18,text,48,48,0.0
llm_prompt_last,19,layer_18,speaker,4,1104,0.0
llm_prompt_last,19,layer_18,repetition,48,48,0.0
llm_prompt_last,20,layer_19,all,1,4560,0.0
llm_prompt_last,20,layer_19,text,48,48,0.0
llm_prompt_last,20,layer_19,speaker,4,1104,0.0
llm_prompt_last,20,layer_19,repetition,48,48,0.0
llm_prompt_last,21,layer_20,all,1,4560,0.0
llm_prompt_last,21,layer_20,text,48,48,0.0
llm_prompt_last,21,layer_20,speaker,4,1104,0.0
llm_prompt_last,21,layer_20,repetition,48,48,0.0
llm_prompt_last,22,layer_21,all,1,4560,0.0
llm_prompt_last,22,layer_21,text,48,48,0.0
llm_prompt_last,22,layer_21,speaker,4,1104,0.0
llm_prompt_last,22,layer_21,repetition,48,48,0.0
llm_prompt_last,23,layer_22,all,1,4560,0.0
llm_prompt_last,23,layer_22,text,48,48,0.0
llm_prompt_last,23,layer_22,speaker,4,1104,0.0
llm_prompt_last,23,layer_22,repetition,48,48,0.0
llm_prompt_last,24,layer_23,all,1,4560,0.0
llm_prompt_last,24,layer_23,text,48,48,0.0
llm_prompt_last,24,layer_23,speaker,4,1104,0.0
llm_prompt_last,24,layer_23,repetition,48,48,0.0
