sample_id,pair_id,actor,statement,repetition,intensity,emotion,ground_truth,model_output,predicted,parse_status,correct,error
pair_0000_happy,pair_0000,01,01,01,01,happy,happy,It sounds be you be a child. It you a story of a question of a question of a question of a question of a list of a list of a list of a list of a list of a list of a list of a list of a list of a list of a list of a list of a list of,unknown,no_label,False,
pair_0000_sad,pair_0000,01,01,01,01,sad,sad,It sounds be the child of the phrase of the phrase of the phrase of the phrase of the phrase of the phrase of the phrase of the phrase of the phrase of the phrase of the phrase of the phrase of the fact of the fact of the fact of the fact of the fact of the fact of the fact of the,unknown,no_label,False,
pair_0001_happy,pair_0001,01,01,02,01,happy,happy,It sounds be the child of the phrase of the phrase of the phrase of the phrase of the phrase of the phrase of the phrase of the phrase of the phrase of the phrase of the phrase of the phrase of the phrase of the phrase of the fact of the fact of the fact of the fact of the fact of the,unknown,no_label,False,
pair_0001_sad,pair_0001,01,01,02,01,sad,sad,It sounds be the child of the phrase of the phrase of the phrase of the phrase of the phrase of the phrase of the phrase of the phrase of the phrase of the phrase of the phrase of the phrase of the phrase of the phrase of the phrase of the fact of the fact of the fact of the fact of the,unknown,no_label,False,
pair_0002_happy,pair_0002,01,02,01,01,happy,happy,"It sounds be not be a message. It the phrase of a question of a question of a question of a question of a list of a list, in the phrase of a question of a list, in the fact of a list of a list, in the fact of a list, the phrase of the phrase of a",unknown,no_label,False,
pair_0002_sad,pair_0002,01,02,01,01,sad,sad,It sounds be not be a playful of a question of a question of a question of a question of a question of a question of a list of a list of a list of a list of a list of a list of a list of a list of a list of a list of a list of a list of a list,unknown,no_label,False,
pair_0003_happy,pair_0003,01,02,02,01,happy,happy,"It sounds be not be a small of a question. It a question of a question of a question of a question of a question, in the phrase of a question of a list, in the fact of a list of a list, in the fact of a list of a list, in the fact of a list,",unknown,no_label,False,
pair_0003_sad,pair_0003,01,02,02,01,sad,sad,It sounds be not be a small. It you a question of a question of a question of a question of a question of a list of a list of a list of a list of a list of a list of a list of a list of a list of a list of a list of a list of a list of,unknown,no_label,False,
pair_0004_happy,pair_0004,02,01,01,01,happy,happy,It sounds be not be the child of the phrase of the phrase of the phrase of the phrase of the phrase of the phrase of the phrase of the phrase of the phrase of the phrase of the phrase of the phrase of the phrase of the phrase of the fact of the fact of the fact of the fact of the fact,unknown,no_label,False,
pair_0004_sad,pair_0004,02,01,01,01,sad,sad,It sounds be the child of the phrase of the phrase of the phrase of the phrase of the phrase of the phrase of the phrase of the phrase of the phrase of the phrase of the phrase of the phrase of the phrase of the phrase of the phrase of the phrase of the phrase of the phrase of the phrase of the,unknown,no_label,False,
pair_0005_happy,pair_0005,02,01,02,01,happy,happy,It sounds be you be a child. It you a story of a question of a question of a question of a question of a list of a list of a list of a list of a list of a list of a list of a list of a list of a list of a list of a list of a list of,unknown,no_label,False,
pair_0005_sad,pair_0005,02,01,02,01,sad,sad,It sounds be the child of the phrase of the phrase of the phrase of the phrase of the phrase of the phrase of the phrase of the phrase of the phrase of the phrase of the phrase of the phrase of the phrase of the phrase of the phrase of the phrase of the phrase of the phrase of the phrase of the,unknown,no_label,False,
pair_0006_happy,pair_0006,02,02,01,01,happy,happy,It sounds be not be a small. It you a question of a question of a question of a question of a question of a list of a list of a list of a list of a list of a list of a list of a list of a list of a list of a list of a list of a list of,unknown,no_label,False,
pair_0006_sad,pair_0006,02,02,01,01,sad,sad,It sounds be not be a small. It you a question of a question of a question of a question of a question of a list of a list of a list of a list of a list of a list of a list of a list of a list of a list of a list of a list of a list of,unknown,no_label,False,
pair_0007_happy,pair_0007,02,02,02,01,happy,happy,It sounds be not be a small. It you a question of a question of a question of a question of a question of a list of a list of a list of a list of a list of a list of a list of a list of a list of a list of a list of a list of a list of,unknown,no_label,False,
pair_0007_sad,pair_0007,02,02,02,01,sad,sad,It sounds be not be a playful of a question of a question of a question of a question of a question of a question of a list of a list of a list of a list of a list of a list of a list of a list of a list of a list of a list of a list of a list,unknown,no_label,False,
pair_0008_happy,pair_0008,03,01,01,01,happy,happy,It sounds be the child of the phrase of the phrase of the phrase of the phrase of the phrase of the phrase of the phrase of the phrase of the phrase of the phrase of the phrase of the phrase of the phrase of the phrase of the phrase of the fact of the fact of the fact of the fact of the,unknown,no_label,False,
pair_0008_sad,pair_0008,03,01,01,01,sad,sad,It sounds be the child of the phrase of the phrase of the phrase of the phrase of the phrase of the phrase of the phrase of the phrase of the phrase of the phrase of the phrase of the phrase of the phrase of the phrase of the phrase of the fact of the fact of the fact of the fact of the,unknown,no_label,False,
pair_0009_happy,pair_0009,03,01,02,01,happy,happy,It sounds be the child of the phrase of the phrase of the phrase of the phrase of the phrase of the phrase of the phrase of the phrase of the phrase of the phrase of the phrase of the phrase of the phrase of the phrase of the phrase of the fact of the fact of the fact of the fact of the,unknown,no_label,False,
pair_0009_sad,pair_0009,03,01,02,01,sad,sad,It sounds be you be a child. It you a story of a question of a question of a question of a question of a list of a list of a list of a list of a list of a list of a list of a list of a list of a list of a list of a list of a list of,unknown,no_label,False,
pair_0010_happy,pair_0010,03,02,01,01,happy,happy,It sounds be not be a playful of a question of a question of a question of a question of a question of a question of a list of a list of a list of a list of a list of a list of a list of a list of a list of a list of a list of a list of a list,unknown,no_label,False,
pair_0010_sad,pair_0010,03,02,01,01,sad,sad,It sounds be not be a small. It you a question of a question of a question of a question of a question of a list of a list of a list of a list of a list of a list of a list of a list of a list of a list of a list of a list of a list of,unknown,no_label,False,
pair_0011_happy,pair_0011,03,02,02,01,happy,happy,It sounds be not be a playful of a question of a question of a question of a question of a question of a question of a list of a list of a list of a list of a list of a list of a list of a list of a list of a list of a list of a list of a list,unknown,no_label,False,
pair_0011_sad,pair_0011,03,02,02,01,sad,sad,It sounds be not be a small. It you a question of a question of a question of a question of a question of a list of a list of a list of a list of a list of a list of a list of a list of a list of a list of a list of a list of a list of,unknown,no_label,False,
pair_0012_happy,pair_0012,04,01,01,01,happy,happy,It sounds be you be a child. It you a playful of a question of a question of a question of a question of a list of a list of a list of a list of a list of a list of a list of a list of a list of a list of a list of a list of a list of,unknown,no_label,False,
pair_0012_sad,pair_0012,04,01,01,01,sad,sad,It sounds be you be a child. It you a playful of a question of a question of a question of a question of a list of a list of a list of a list of a list of a list of a list of a list of a list of a list of a list of a list of a list of,unknown,no_label,False,
pair_0013_happy,pair_0013,04,01,02,01,happy,happy,It sounds be the child of the phrase of the phrase of the phrase of the phrase of the phrase of the phrase of the phrase of the phrase of the phrase of the phrase of the phrase of the phrase of the phrase of the phrase of the phrase of the phrase of the phrase of the phrase of the phrase of the,unknown,no_label,False,
pair_0013_sad,pair_0013,04,01,02,01,sad,sad,It sounds be you be a child. It you a playful of a question of a question of a question of a question of a list of a list of a list of a list of a list of a list of a list of a list of a list of a list of a list of a list of a list of,unknown,no_label,False,
pair_0014_happy,pair_0014,04,02,01,01,happy,happy,"It sounds be not be a message. Dogs, it a playful of a question of a question of a question of a question, in the phrase of a question of a list, in the fact of a list, in the fact of a list, in the fact of a list, in the fact of a list,",unknown,no_label,False,
pair_0014_sad,pair_0014,04,02,01,01,sad,sad,It sounds be not be a playful of a question of a question of a question of a question of a question of a question of a list of a list of a list of a list of a list of a list of a list of a list of a list of a list of a list of a list of a list,unknown,no_label,False,
pair_0015_happy,pair_0015,04,02,02,01,happy,happy,It sounds be not be a playful of a question of a question of a question of a question of a question of a question of a list of a list of a list of a list of a list of a list of a list of a list of a list of a list of a list of a list of a list,unknown,no_label,False,
pair_0015_sad,pair_0015,04,02,02,01,sad,sad,"It sounds be not be a message. It the phrase of a question of a question of a question of a question of a list of a list of a list of a list of a list, the phrase of the phrase of a list of a list, the phrase of the phrase of a list, the phrase of the",unknown,no_label,False,
pair_0016_happy,pair_0016,05,01,01,01,happy,happy,"It sounds be you be a child. It the phrase of a small of a question of a question of a question of a list of a list of a list of a list of a list, the phrase of the phrase of a list of a list, the phrase of the phrase of a list, the phrase of the",unknown,no_label,False,
pair_0016_sad,pair_0016,05,01,01,01,sad,sad,It sounds be the child of the phrase of the phrase of the phrase of the phrase of the phrase of the phrase of the phrase of the phrase of the phrase of the phrase of the phrase of the phrase of the phrase of the phrase of the phrase of the phrase of the phrase of the phrase of the phrase of the,unknown,no_label,False,
pair_0017_happy,pair_0017,05,01,02,01,happy,happy,"It sounds be you be a child. It you a story of a question of a question of a question of a question of a list of a list of a list of a list of a list, in the fact of a list of a list, in the fact of a list of a list, in the fact of",unknown,no_label,False,
pair_0017_sad,pair_0017,05,01,02,01,sad,sad,It sounds be the child of the phrase of the phrase of the phrase of the phrase of the phrase of the phrase of the phrase of the phrase of the phrase of the phrase of the phrase of the phrase of the phrase of the phrase of the phrase of the phrase of the phrase of the phrase of the phrase of the,unknown,no_label,False,
pair_0018_happy,pair_0018,05,02,01,01,happy,happy,It sounds be not be a small. It you a question of a question of a question of a question of a question of a list of a list of a list of a list of a list of a list of a list of a list of a list of a list of a list of a list of a list of,unknown,no_label,False,
pair_0018_sad,pair_0018,05,02,01,01,sad,sad,"It sounds be not be a small of a question. It a question of a question of a question of a question of a question, in the phrase of a question of a list, in the fact of a list of a list, in the fact of a list of a list, the phrase of the phrase of a",unknown,no_label,False,
pair_0019_happy,pair_0019,05,02,02,01,happy,happy,It sounds be not be a small. It you a question of a question of a question of a question of a question of a list of a list of a list of a list of a list of a list of a list of a list of a list of a list of a list of a list of a list of,unknown,no_label,False,
pair_0019_sad,pair_0019,05,02,02,01,sad,sad,It sounds be not be a small. It you a question of a question of a question of a question of a question of a list of a list of a list of a list of a list of a list of a list of a list of a list of a list of a list of a list of a list of,unknown,no_label,False,
pair_0020_happy,pair_0020,06,01,01,01,happy,happy,It sounds be you be a child. It you a story of a question of a question of a question of a question of a list of a list of a list of a list of a list of a list of a list of a list of a list of a list of a list of a list of a list of,unknown,no_label,False,
pair_0020_sad,pair_0020,06,01,01,01,sad,sad,It sounds be the child of the phrase of the phrase of the phrase of the phrase of the phrase of the phrase of the phrase of the phrase of the phrase of the phrase of the phrase of the phrase of the phrase of the phrase of the phrase of the fact of the fact of the fact of the fact of the,unknown,no_label,False,
pair_0021_happy,pair_0021,06,01,02,01,happy,happy,It sounds be the child of the phrase of the phrase of the phrase of the phrase of the phrase of the phrase of the phrase of the phrase of the phrase of the phrase of the phrase of the phrase of the phrase of the phrase of the phrase of the fact of the fact of the fact of the fact of the,unknown,no_label,False,
pair_0021_sad,pair_0021,06,01,02,01,sad,sad,It sounds be you be a child. It you a story of a question of a question of a question of a question of a list of a list of a list of a list of a list of a list of a list of a list of a list of a list of a list of a list of a list of,unknown,no_label,False,
pair_0022_happy,pair_0022,06,02,01,01,happy,happy,It sounds be not be a small. It you a question of a question of a question of a question of a question of a list of a list of a list of a list of a list of a list of a list of a list of a list of a list of a list of a list of a list of,unknown,no_label,False,
pair_0022_sad,pair_0022,06,02,01,01,sad,sad,It sounds be not be a small. It you a question of a question of a question of a question of a question of a list of a list of a list of a list of a list of a list of a list of a list of a list of a list of a list of a list of a list of,unknown,no_label,False,
pair_0023_happy,pair_0023,06,02,02,01,happy,happy,"It sounds be not be a small. It you a question of a question of a question of a question of a question of a question, in the phrase of a question of a list, in the fact of a list of a list, in the fact of a list of a list, in the fact of a list",unknown,no_label,False,
pair_0023_sad,pair_0023,06,02,02,01,sad,sad,It sounds be not be a playful of a question of a question of a question of a question of a question of a question of a list of a list of a list of a list of a list of a list of a list of a list of a list of a list of a list of a list of a list,unknown,no_label,False,
pair_0024_happy,pair_0024,07,01,01,01,happy,happy,It sounds be the child of the phrase of the phrase of the phrase of the phrase of the phrase of the phrase of the phrase of the phrase of the phrase of the phrase of the phrase of the phrase of the phrase of the phrase of the phrase of the phrase of the fact of the fact of the fact of the,unknown,no_label,False,
pair_0024_sad,pair_0024,07,01,01,01,sad,sad,It sounds be you be a child. It you a story of a question of a question of a question of a question of a list of a list of a list of a list of a list of a list of a list of a list of a list of a list of a list of a list of a list of,unknown,no_label,False,
pair_0025_happy,pair_0025,07,01,02,01,happy,happy,It sounds be you be a child. It you a story of a question of a question of a question of a question of a list of a list of a list of a list of a list of a list of a list of a list of a list of a list of a list of a list of a list of,unknown,no_label,False,
pair_0025_sad,pair_0025,07,01,02,01,sad,sad,It sounds be you be a child. It you a story of a question of a question of a question of a question of a list of a list of a list of a list of a list of a list of a list of a list of a list of a list of a list of a list of a list of,unknown,no_label,False,
pair_0026_happy,pair_0026,07,02,01,01,happy,happy,"It sounds be not be a small of a question. It a question of a question of a question of a question of a question, in the phrase of a question of a list, in the fact of a list of a list, in the fact of a list of a list, in the fact of a list,",unknown,no_label,False,
pair_0026_sad,pair_0026,07,02,01,01,sad,sad,It sounds be not be a playful of a question of a question of a question of a question of a question of a question of a list of a list of a list of a list of a list of a list of a list of a list of a list of a list of a list of a list of a list,unknown,no_label,False,
pair_0027_happy,pair_0027,07,02,02,01,happy,happy,"It sounds be not be a small of a question. It a question of a question of a question of a question of a question, in the phrase of a question of a list, in the fact of a list of a list, in the fact of a list of a list, in the fact of a list,",unknown,no_label,False,
pair_0027_sad,pair_0027,07,02,02,01,sad,sad,It sounds be not be a playful of a question of a question of a question of a question of a question of a question of a list of a list of a list of a list of a list of a list of a list of a list of a list of a list of a list of a list of a list,unknown,no_label,False,
pair_0028_happy,pair_0028,08,01,01,01,happy,happy,It sounds be the child of the phrase of the phrase of the phrase of the phrase of the phrase of the phrase of the phrase of the phrase of the phrase of the phrase of the phrase of the phrase of the phrase of the phrase of the phrase of the phrase of the phrase of the phrase of the phrase of the,unknown,no_label,False,
pair_0028_sad,pair_0028,08,01,01,01,sad,sad,"It sounds be not be the child of the phrase of the phrase of a small of a list of a question of a list of a list of a list, in the phrase of a list of a list, in the fact of a list of a list, in the fact of a list, the phrase of the phrase",unknown,no_label,False,
pair_0029_happy,pair_0029,08,01,02,01,happy,happy,It sounds be the child of the phrase of the phrase of the phrase of the phrase of the phrase of the phrase of the phrase of the phrase of the phrase of the phrase of the phrase of the phrase of the phrase of the phrase of the phrase of the phrase of the phrase of the phrase of the phrase of the,unknown,no_label,False,
pair_0029_sad,pair_0029,08,01,02,01,sad,sad,It sounds be not be the child of the phrase of the phrase of the phrase of the phrase of the phrase of the phrase of the phrase of the phrase of the phrase of the phrase of the phrase of the phrase of the phrase of the phrase of the fact of the fact of the fact of the fact of the fact,unknown,no_label,False,
pair_0030_happy,pair_0030,08,02,01,01,happy,happy,It sounds be not be a small. It you a question of a question of a question of a question of a question of a list of a list of a list of a list of a list of a list of a list of a list of a list of a list of a list of a list of a list of,unknown,no_label,False,
pair_0030_sad,pair_0030,08,02,01,01,sad,sad,"It sounds be not be a small of a question. It a question of a question of a question of a question of a question, in the phrase of a question of a list, in the fact of a list of a list, in the fact of a list of a list, in the fact of a list,",unknown,no_label,False,
pair_0031_happy,pair_0031,08,02,02,01,happy,happy,It sounds be not be a playful of a question of a question of a question of a question of a question of a question of a list of a list of a list of a list of a list of a list of a list of a list of a list of a list of a list of a list of a list,unknown,no_label,False,
pair_0031_sad,pair_0031,08,02,02,01,sad,sad,"It sounds be not be a small of a question. It a question of a question of a question of a question of a question, in the phrase of a question of a list, in the fact of a list, in the fact of a list, in the fact of a list, in the fact of a list",unknown,no_label,False,
pair_0032_happy,pair_0032,09,01,01,01,happy,happy,It sounds be the child of the phrase of the phrase of the phrase of the phrase of the phrase of the phrase of the phrase of the phrase of the phrase of the phrase of the phrase of the phrase of the phrase of the phrase of the fact of the fact of the fact of the fact of the fact of the,unknown,no_label,False,
pair_0032_sad,pair_0032,09,01,01,01,sad,sad,It sounds be not be the child of the phrase of the phrase of the phrase of the phrase of the phrase of the phrase of the phrase of the phrase of the phrase of the phrase of the phrase of the phrase of the phrase of the fact of the fact of the fact of the fact of the fact of the fact,unknown,no_label,False,
pair_0033_happy,pair_0033,09,01,02,01,happy,happy,It sounds be the child of the phrase of the phrase of the phrase of the phrase of the phrase of the phrase of the phrase of the phrase of the phrase of the phrase of the phrase of the phrase of the phrase of the phrase of the fact of the fact of the fact of the fact of the fact of the,unknown,no_label,False,
pair_0033_sad,pair_0033,09,01,02,01,sad,sad,It sounds be the child of the phrase of the phrase of the phrase of the phrase of the phrase of the phrase of the phrase of the phrase of the phrase of the phrase of the phrase of the phrase of the phrase of the phrase of the phrase of the phrase of the phrase of the phrase of the phrase of the,unknown,no_label,False,
pair_0034_happy,pair_0034,09,02,01,01,happy,happy,"It sounds be not be a small of a question. It a question of a question of a question of a question of a question, in the phrase of a question of a list, in the fact of a list of a list, in the fact of a list of a list, in the fact of a list,",unknown,no_label,False,
pair_0034_sad,pair_0034,09,02,01,01,sad,sad,It sounds be not be a playful of a question of a question of a question of a question of a question of a question of a list of a list of a list of a list of a list of a list of a list of a list of a list of a list of a list of a list of a list,unknown,no_label,False,
pair_0035_happy,pair_0035,09,02,02,01,happy,happy,It sounds be not be a playful of a question of a question of a question of a question of a question of a question of a list of a list of a list of a list of a list of a list of a list of a list of a list of a list of a list of a list of a list,unknown,no_label,False,
pair_0035_sad,pair_0035,09,02,02,01,sad,sad,"It sounds be not be a small of a question. It a question of a question of a question of a question of a question, in the phrase of a question of a list, in the fact of a list, in the fact of a list, in the fact of a list, in the fact of a list",unknown,no_label,False,
pair_0036_happy,pair_0036,10,01,01,01,happy,happy,It sounds be the child of the phrase of the phrase of the phrase of the phrase of the phrase of the phrase of the phrase of the phrase of the phrase of the phrase of the phrase of the phrase of the phrase of the phrase of the fact of the fact of the fact of the fact of the fact of the,unknown,no_label,False,
pair_0036_sad,pair_0036,10,01,01,01,sad,sad,It sounds be you be a child. It you a story of a question of a question of a question of a question of a list of a list of a list of a list of a list of a list of a list of a list of a list of a list of a list of a list of a list of,unknown,no_label,False,
pair_0037_happy,pair_0037,10,01,02,01,happy,happy,"It sounds be you be a child. It you a story of a question of a question of a question of a question of a list of a list of a list of a list of a list, in the fact of a list of a list, in the fact of a list of a list, in the fact of",unknown,no_label,False,
pair_0037_sad,pair_0037,10,01,02,01,sad,sad,"It sounds be you be a child. It you a story of a question of a question of a question of a question of a list of a list of a list of a list of a list, in the fact of a list of a list, in the fact of a list of a list, in the fact of",unknown,no_label,False,
pair_0038_happy,pair_0038,10,02,01,01,happy,happy,It sounds be not be a playful of a question of a question of a question of a question of a question of a question of a list of a list of a list of a list of a list of a list of a list of a list of a list of a list of a list of a list of a list,unknown,no_label,False,
pair_0038_sad,pair_0038,10,02,01,01,sad,sad,It sounds be not be a playful of a question of a question of a question of a question of a question of a question of a list of a list of a list of a list of a list of a list of a list of a list of a list of a list of a list of a list of a list,unknown,no_label,False,
pair_0039_happy,pair_0039,10,02,02,01,happy,happy,It sounds be not be a small of a question. It a question of a question of a question of a question of a question of a list of a list of a list of a list of a list of a list of a list of a list of a list of a list of a list of a list of a,unknown,no_label,False,
pair_0039_sad,pair_0039,10,02,02,01,sad,sad,It sounds be not be a small. It a playful of a question of a question of a question of a question of a question of a list of a list of a list of a list of a list of a list of a list of a list of a list of a list of a list of a list of a,unknown,no_label,False,
pair_0040_happy,pair_0040,11,01,01,01,happy,happy,It sounds be not be the child of the phrase of the phrase of the phrase of the phrase of the phrase of the phrase of the phrase of the phrase of the phrase of the phrase of the phrase of the phrase of the phrase of the phrase of the fact of the fact of the fact of the fact of the fact,unknown,no_label,False,
pair_0040_sad,pair_0040,11,01,01,01,sad,sad,"It sounds be you be a child. It you a story of a question of a question of a question of a question of a list of a list of a list of a list of a list, in the fact of a list of a list, in the fact of a list of a list, in the fact of",unknown,no_label,False,
pair_0041_happy,pair_0041,11,01,02,01,happy,happy,It sounds be you be a child. It you a story of a question of a question of a question of a question of a list of a list of a list of a list of a list of a list of a list of a list of a list of a list of a list of a list of a list of,unknown,no_label,False,
pair_0041_sad,pair_0041,11,01,02,01,sad,sad,It sounds be you be a child. It you a story of a question of a question of a question of a question of a list of a list of a list of a list of a list of a list of a list of a list of a list of a list of a list of a list of a list of,unknown,no_label,False,
pair_0042_happy,pair_0042,11,02,01,01,happy,happy,It sounds be not be a playful of a question of a question of a question of a question of a question of a question of a list of a list of a list of a list of a list of a list of a list of a list of a list of a list of a list of a list of a list,unknown,no_label,False,
pair_0042_sad,pair_0042,11,02,01,01,sad,sad,"It sounds be not be a small. It you a question of a question of a question of a question of a question of a question, in the phrase of a question of a list, in the fact of a famous, in the fact of a famous, in the fact of a list, in the fact of a",unknown,no_label,False,
pair_0043_happy,pair_0043,11,02,02,01,happy,happy,It sounds be not be a playful of a question of a question of a question of a question of a question of a question of a list of a list of a list of a list of a list of a list of a list of a list of a list of a list of a list of a list of a list,unknown,no_label,False,
pair_0043_sad,pair_0043,11,02,02,01,sad,sad,"It sounds be not be a small of a question. It a question of a question of a question of a question of a question, in the phrase of a question of a list, in the fact of a list, in the fact of a list, in the fact of a list, in the fact of a list",unknown,no_label,False,
pair_0044_happy,pair_0044,12,01,01,01,happy,happy,It sounds be you be a child. It you a story of a question of a question of a question of a question of a list of a list of a list of a list of a list of a list of a list of a list of a list of a list of a list of a list of a list of,unknown,no_label,False,
pair_0044_sad,pair_0044,12,01,01,01,sad,sad,It sounds be the child of the phrase of the phrase of the phrase of the phrase of the phrase of the phrase of the phrase of the phrase of the phrase of the phrase of the phrase of the phrase of the phrase of the phrase of the phrase of the phrase of the phrase of the phrase of the phrase of the,unknown,no_label,False,
pair_0045_happy,pair_0045,12,01,02,01,happy,happy,It sounds be the child of the phrase of the phrase of the phrase of the phrase of the phrase of the phrase of the phrase of the phrase of the phrase of the phrase of the phrase of the phrase of the phrase of the phrase of the fact of the fact of the fact of the fact of the fact of the,unknown,no_label,False,
pair_0045_sad,pair_0045,12,01,02,01,sad,sad,It sounds be the child of the phrase of the phrase of the phrase of the phrase of the phrase of the phrase of the phrase of the phrase of the phrase of the phrase of the phrase of the phrase of the phrase of the phrase of the fact of the fact of the fact of the fact of the fact of the,unknown,no_label,False,
pair_0046_happy,pair_0046,12,02,01,01,happy,happy,It sounds be not be a small. It you a question of a question of a question of a question of a question of a list of a list of a list of a list of a list of a list of a list of a list of a list of a list of a list of a list of a list of,unknown,no_label,False,
pair_0046_sad,pair_0046,12,02,01,01,sad,sad,It sounds be not be a small. It you a question of a question of a question of a question of a question of a list of a list of a list of a list of a list of a list of a list of a list of a list of a list of a list of a list of a list of,unknown,no_label,False,
pair_0047_happy,pair_0047,12,02,02,01,happy,happy,"It sounds be not be a small of a question. It a question of a question of a question of a question of a question, in the phrase of a question of a list, in the fact of a list of a list, in the fact of a list of a list, in the fact of a list,",unknown,no_label,False,
pair_0047_sad,pair_0047,12,02,02,01,sad,sad,It sounds be not be a playful of a question of a question of a question of a question of a question of a question of a list of a list of a list of a list of a list of a list of a list of a list of a list of a list of a list of a list of a list,unknown,no_label,False,
pair_0048_happy,pair_0048,13,01,01,01,happy,happy,It sounds be you be a child. It you a story of a question of a question of a question of a question of a list of a list of a list of a list of a list of a list of a list of a list of a list of a list of a list of a list of a list of,unknown,no_label,False,
pair_0048_sad,pair_0048,13,01,01,01,sad,sad,It sounds be you be a child. It you a story of a question of a question of a question of a question of a list of a list of a list of a list of a list of a list of a list of a list of a list of a list of a list of a list of a list of,unknown,no_label,False,
pair_0049_happy,pair_0049,13,01,02,01,happy,happy,"It sounds be you be a child. It you a playful of a question of a question of a question of a question of a list of a list, in the phrase of a list of a list, in the fact of a list of a list, in the fact of a list, in the fact of a list",unknown,no_label,False,
pair_0049_sad,pair_0049,13,01,02,01,sad,sad,It sounds be you be a child. It you a story of a question of a question of a question of a question of a list of a list of a list of a list of a list of a list of a list of a list of a list of a list of a list of a list of a list of,unknown,no_label,False,
pair_0050_happy,pair_0050,13,02,01,01,happy,happy,"It sounds be not be a small of a question. It a question of a question of a question of a question of a question, in the phrase of a question of a list, in the fact of a list, in the fact of a list, in the fact of a list, in the fact of a list",unknown,no_label,False,
pair_0050_sad,pair_0050,13,02,01,01,sad,sad,It sounds be not be a message. It you a question of a question of a question of a question of a question of a list of a list of a list of a list of a list of a list of a list of a list of a list of a list of a list of a list of a list of,unknown,no_label,False,
pair_0051_happy,pair_0051,13,02,02,01,happy,happy,"It sounds be not be a small of a question. It a question of a question of a question of a question of a question, in the phrase of a question of a list, in the fact of a list, in the fact of a list, in the fact of a list, in the fact of a list",unknown,no_label,False,
pair_0051_sad,pair_0051,13,02,02,01,sad,sad,"It sounds be not be a message. It the phrase of a question of a question of a question of a question of a list of a list of a list of a list of a list, the phrase of the phrase of a list of a list, the phrase of the phrase of a list, the phrase of the",unknown,no_label,False,
pair_0052_happy,pair_0052,14,01,01,01,happy,happy,It sounds be you be a child. It you a playful of a question of a question of a question of a question of a list of a list of a list of a list of a list of a list of a list of a list of a list of a list of a list of a list of a list of,unknown,no_label,False,
pair_0052_sad,pair_0052,14,01,01,01,sad,sad,It sounds be the child of the phrase of the phrase of the phrase of the phrase of the phrase of the phrase of the phrase of the phrase of the phrase of the phrase of the phrase of the phrase of the phrase of the phrase of the phrase of the fact of the fact of the fact of the fact of the,unknown,no_label,False,
pair_0053_happy,pair_0053,14,01,02,01,happy,happy,It sounds be you be a child. It you a playful of a question of a question of a question of a question of a list of a list of a list of a list of a list of a list of a list of a list of a list of a list of a list of a list of a list of,unknown,no_label,False,
pair_0053_sad,pair_0053,14,01,02,01,sad,sad,It sounds be you be a child. It you a story of a question of a question of a question of a question of a list of a list of a list of a list of a list of a list of a list of a list of a list of a list of a list of a list of a list of,unknown,no_label,False,
pair_0054_happy,pair_0054,14,02,01,01,happy,happy,It sounds be not be a playful of a question of a question of a question of a question of a question of a question of a list of a list of a list of a list of a list of a list of a list of a list of a list of a list of a list of a list of a list,unknown,no_label,False,
pair_0054_sad,pair_0054,14,02,01,01,sad,sad,"It sounds be not be a small of a question. It a question of a question of a question of a question of a question, in the phrase of a question of a list, in the fact of a list, in the fact of a list, in the fact of a list, in the fact of a list",unknown,no_label,False,
pair_0055_happy,pair_0055,14,02,02,01,happy,happy,It sounds be not be a small. It you a question of a question of a question of a question of a question of a list of a list of a list of a list of a list of a list of a list of a list of a list of a list of a list of a list of a list of,unknown,no_label,False,
pair_0055_sad,pair_0055,14,02,02,01,sad,sad,It sounds be not be a small. It you a question of a question of a question of a question of a question of a list of a list of a list of a list of a list of a list of a list of a list of a list of a list of a list of a list of a list of,unknown,no_label,False,
pair_0056_happy,pair_0056,15,01,01,01,happy,happy,It sounds be the child of the phrase of the phrase of the phrase of the phrase of the phrase of the phrase of the phrase of the phrase of the phrase of the phrase of the phrase of the phrase of the phrase of the phrase of the fact of the fact of the fact of the fact of the fact of the,unknown,no_label,False,
pair_0056_sad,pair_0056,15,01,01,01,sad,sad,It sounds be not be the child of the phrase of the phrase of the phrase of the phrase of the phrase of the phrase of the phrase of the phrase of the phrase of the phrase of the phrase of the phrase of the phrase of the phrase of the fact of the fact of the fact of the fact of the fact,unknown,no_label,False,
pair_0057_happy,pair_0057,15,01,02,01,happy,happy,It sounds be the child of the phrase of the phrase of the phrase of the phrase of the phrase of the phrase of the phrase of the phrase of the phrase of the phrase of the phrase of the phrase of the phrase of the phrase of the phrase of the phrase of the fact of the fact of the fact of the,unknown,no_label,False,
pair_0057_sad,pair_0057,15,01,02,01,sad,sad,It sounds be you be a child. It you a story of a question of a question of a question of a question of a list of a list of a list of a list of a list of a list of a list of a list of a list of a list of a list of a list of a list of,unknown,no_label,False,
pair_0058_happy,pair_0058,15,02,01,01,happy,happy,"It sounds be not be a small of a question. It a question of a question of a question of a question of a question, in the phrase of a question of a list, in the fact of a list of a list, in the fact of a list of a list, in the fact of a list,",unknown,no_label,False,
pair_0058_sad,pair_0058,15,02,01,01,sad,sad,It sounds be not be a small of a question. It a question of a question of a question of a question of a question of a list of a list of a list of a list of a list of a list of a list of a list of a list of a list of a list of a list of a,unknown,no_label,False,
pair_0059_happy,pair_0059,15,02,02,01,happy,happy,"It sounds be not be a playful of a question of a question of a question of a question of a question of a question of a list of a list of a list of a list of a list of a list of a list of a list of a list of a list of a list, the phrase of a list",unknown,no_label,False,
pair_0059_sad,pair_0059,15,02,02,01,sad,sad,"It sounds be not be a small of a question. It a question of a question of a question of a question of a question, in the phrase of a question of a list, in the fact of a list, in the fact of a list, in the fact of a list, in the fact of a list",unknown,no_label,False,
pair_0060_happy,pair_0060,16,01,01,01,happy,happy,It sounds be you be a child. It you a story of a question of a question of a question of a question of a list of a list of a list of a list of a list of a list of a list of a list of a list of a list of a list of a list of a list of,unknown,no_label,False,
pair_0060_sad,pair_0060,16,01,01,01,sad,sad,It sounds be the child of the phrase of the phrase of the phrase of the phrase of the phrase of the phrase of the phrase of the phrase of the phrase of the phrase of the phrase of the phrase of the phrase of the phrase of the phrase of the phrase of the fact of the fact of the fact of the,unknown,no_label,False,
pair_0061_happy,pair_0061,16,01,02,01,happy,happy,It sounds be you be a child. It you a story of a question of a question of a question of a question of a list of a list of a list of a list of a list of a list of a list of a list of a list of a list of a list of a list of a list of,unknown,no_label,False,
pair_0061_sad,pair_0061,16,01,02,01,sad,sad,It sounds be you be a child. It you a playful of a question of a question of a question of a question of a list of a list of a list of a list of a list of a list of a list of a list of a list of a list of a list of a list of a list of,unknown,no_label,False,
pair_0062_happy,pair_0062,16,02,01,01,happy,happy,It sounds be not be a playful of a question of a question of a question of a question of a question of a question of a list of a list of a list of a list of a list of a list of a list of a list of a list of a list of a list of a list of a list,unknown,no_label,False,
pair_0062_sad,pair_0062,16,02,01,01,sad,sad,"It sounds be not be a small of a question. It a question of a question of a question of a question of a question, in the phrase of a question of a list, in the fact of a list, in the fact of a list, in the fact of a list, in the fact of a list",unknown,no_label,False,
pair_0063_happy,pair_0063,16,02,02,01,happy,happy,It sounds be not be a small. It you a question of a question of a question of a question of a question of a list of a list of a list of a list of a list of a list of a list of a list of a list of a list of a list of a list of a list of,unknown,no_label,False,
pair_0063_sad,pair_0063,16,02,02,01,sad,sad,It sounds be not be a small. It you a question of a question of a question of a question of a question of a list of a list of a list of a list of a list of a list of a list of a list of a list of a list of a list of a list of a list of,unknown,no_label,False,
pair_0064_happy,pair_0064,17,01,01,01,happy,happy,"It sounds be you be a child. It you a story of a question of a question of a question of a question of a list of a list of a list of a list of a list, in the fact of a list of a list, in the fact of a list of a list, in the fact of",unknown,no_label,False,
pair_0064_sad,pair_0064,17,01,01,01,sad,sad,"It sounds be you be a child. It you a story of a question of a question of a question of a question of a list of a list of a list of a list of a list, in the phrase of a list of a list, in the fact of a list of a list, in the fact of",unknown,no_label,False,
pair_0065_happy,pair_0065,17,01,02,01,happy,happy,It sounds be the child of the phrase of the phrase of the phrase of the phrase of the phrase of the phrase of the phrase of the phrase of the phrase of the phrase of the phrase of the phrase of the phrase of the phrase of the fact of the fact of the fact of the fact of the fact of the,unknown,no_label,False,
pair_0065_sad,pair_0065,17,01,02,01,sad,sad,It sounds be you be a child. It you a story of a question of a question of a question of a question of a list of a list of a list of a list of a list of a list of a list of a list of a list of a list of a list of a list of a list of,unknown,no_label,False,
pair_0066_happy,pair_0066,17,02,01,01,happy,happy,"It sounds be not be a message. It the phrase of a question of a question of a question of a question of a list of a list of a list of a list of a list, the phrase of the phrase of a list of a list, the phrase of the phrase of a list, the phrase of the",unknown,no_label,False,
pair_0066_sad,pair_0066,17,02,01,01,sad,sad,It sounds be not be a playful of a question of a question of a question of a question of a question of a question of a list of a list of a list of a list of a list of a list of a list of a list of a list of a list of a list of a list of a list,unknown,no_label,False,
pair_0067_happy,pair_0067,17,02,02,01,happy,happy,"It sounds be not be a small. It you a question of a question of a question of a question of a question of a list of a list of a list of a list of a list, the phrase of the phrase of a list of a list of a list of a list, the phrase of the phrase of",unknown,no_label,False,
pair_0067_sad,pair_0067,17,02,02,01,sad,sad,It sounds be not be a small. It you a question of a question of a question of a question of a question of a list of a list of a list of a list of a list of a list of a list of a list of a list of a list of a list of a list of a list of,unknown,no_label,False,
pair_0068_happy,pair_0068,18,01,01,01,happy,happy,It sounds be not be the child of the phrase of the phrase of the phrase of the phrase of the phrase of the phrase of the phrase of the phrase of the phrase of the phrase of the phrase of the phrase of the phrase of the fact of the fact of the fact of the fact of the fact of the fact,unknown,no_label,False,
pair_0068_sad,pair_0068,18,01,01,01,sad,sad,"It sounds be you be a child. It you a story of a question of a question of a question of a question of a list of a list of a list of a list of a list, in the fact of a list of a list, in the fact of a list of a list, in the fact of",unknown,no_label,False,
pair_0069_happy,pair_0069,18,01,02,01,happy,happy,It sounds be not be the child of the phrase of the phrase of the phrase of the phrase of the phrase of the phrase of the phrase of the phrase of the phrase of the phrase of the phrase of the phrase of the phrase of the fact of the fact of the fact of the fact of the fact of the fact,unknown,no_label,False,
pair_0069_sad,pair_0069,18,01,02,01,sad,sad,It sounds be you be a child. It you a story of a question of a question of a question of a question of a list of a list of a list of a list of a list of a list of a list of a list of a list of a list of a list of a list of a list of,unknown,no_label,False,
pair_0070_happy,pair_0070,18,02,01,01,happy,happy,"It sounds be not be a message. It the phrase of a question of a question of a question of a question of a list of a list, in the fact of a list of a list, in the fact of a list of a list, in the fact of a list, the phrase of the fact of a",unknown,no_label,False,
pair_0070_sad,pair_0070,18,02,01,01,sad,sad,It sounds be not be a playful of a question of a question of a question of a question of a question of a question of a list of a list of a list of a list of a list of a list of a list of a list of a list of a list of a list of a list of a list,unknown,no_label,False,
pair_0071_happy,pair_0071,18,02,02,01,happy,happy,"It sounds be not be a small of a question. It a question of a question of a question of a question of a question, in the phrase of a question of a list, in the fact of a list, in the fact of a list, in the fact of a list, in the fact of a list",unknown,no_label,False,
pair_0071_sad,pair_0071,18,02,02,01,sad,sad,"It sounds be not be a message. It the phrase of a question of a question of a question of a question of a question, in the phrase of a question of a list, in the fact of a list, the phrase of the phrase of a list of a list, the phrase of the phrase of the phrase",unknown,no_label,False,
pair_0072_happy,pair_0072,19,01,01,01,happy,happy,It sounds be the child of the phrase of the phrase of the phrase of the phrase of the phrase of the phrase of the phrase of the phrase of the phrase of the phrase of the phrase of the phrase of the phrase of the phrase of the phrase of the phrase of the fact of the fact of the fact of the,unknown,no_label,False,
pair_0072_sad,pair_0072,19,01,01,01,sad,sad,"It sounds be you be a child. It you a story of a question of a question of a question of a question of a list of a list of a list of a list of a list, in the fact of a list of a list, in the fact of a list of a list, in the fact of",unknown,no_label,False,
pair_0073_happy,pair_0073,19,01,02,01,happy,happy,It sounds be the child of the phrase of the phrase of the phrase of the phrase of the phrase of the phrase of the phrase of the phrase of the phrase of the phrase of the phrase of the phrase of the phrase of the phrase of the phrase of the phrase of the fact of the fact of the fact of the,unknown,no_label,False,
pair_0073_sad,pair_0073,19,01,02,01,sad,sad,It sounds be the child of the phrase of the phrase of the phrase of the phrase of the phrase of the phrase of the phrase of the phrase of the phrase of the phrase of the phrase of the phrase of the phrase of the phrase of the fact of the fact of the fact of the fact of the fact of the,unknown,no_label,False,
pair_0074_happy,pair_0074,19,02,01,01,happy,happy,It sounds be not be a playful of a question of a question of a question of a question of a question of a question of a list of a list of a list of a list of a list of a list of a list of a list of a list of a list of a list of a list of a list,unknown,no_label,False,
pair_0074_sad,pair_0074,19,02,01,01,sad,sad,It sounds be not be a child. Dogs you a question of a question of a question of a question of a question of a list of a list of a list of a list of a list of a list of a list of a list of a list of a list of a list of a list of a list of,unknown,no_label,False,
pair_0075_happy,pair_0075,19,02,02,01,happy,happy,It sounds be not be a playful of a question of a question of a question of a question of a question of a question of a list of a list of a list of a list of a list of a list of a list of a list of a list of a list of a list of a list of a list,unknown,no_label,False,
pair_0075_sad,pair_0075,19,02,02,01,sad,sad,"It sounds be not be a small. It you a question of a question of a question of a question of a question of a list of a list of a list of a list of a list, in the fact of a list of a list, in the fact of a list of a list, the phrase of the",unknown,no_label,False,
pair_0076_happy,pair_0076,20,01,01,01,happy,happy,"It sounds be you be a child. It you a story of a question of a question of a question of a question of a list of a list of a list of a list of a list, in the fact of a list of a list, in the fact of a list of a list, in the fact of",unknown,no_label,False,
pair_0076_sad,pair_0076,20,01,01,01,sad,sad,It sounds be not be the child of the phrase of the phrase of the phrase of the phrase of the phrase of the phrase of the phrase of the phrase of the phrase of the phrase of the phrase of the phrase of the phrase of the phrase of the phrase of the phrase of the phrase of the phrase of the phrase,unknown,no_label,False,
pair_0077_happy,pair_0077,20,01,02,01,happy,happy,It sounds be the child of the phrase of the phrase of the phrase of the phrase of the phrase of the phrase of the phrase of the phrase of the phrase of the phrase of the phrase of the phrase of the phrase of the phrase of the fact of the fact of the fact of the fact of the fact of the,unknown,no_label,False,
pair_0077_sad,pair_0077,20,01,02,01,sad,sad,It sounds be be that the children of the phrase of the phrase of the phrase of the phrase of the phrase of the phrase of the phrase of the phrase of the phrase of the phrase of the phrase of the phrase of the phrase of the phrase of the phrase of the phrase of the phrase of the phrase of the phrase,unknown,no_label,False,
pair_0078_happy,pair_0078,20,02,01,01,happy,happy,It sounds be not be a small. It you a question of a question of a question of a question of a question of a list of a list of a list of a list of a list of a list of a list of a list of a list of a list of a list of a list of a list of,unknown,no_label,False,
pair_0078_sad,pair_0078,20,02,01,01,sad,sad,"It sounds be not be a small of a question. It a question of a question of a question of a question of a question, in the phrase of a question of a list, in the fact of a list of a list, in the fact of a list of a list, in the fact of a list,",unknown,no_label,False,
pair_0079_happy,pair_0079,20,02,02,01,happy,happy,It sounds be not be a playful of a question of a question of a question of a question of a question of a question of a list of a list of a list of a list of a list of a list of a list of a list of a list of a list of a list of a list of a list,unknown,no_label,False,
pair_0079_sad,pair_0079,20,02,02,01,sad,sad,"It sounds be not be a small of a question. It a question of a question of a question of a question of a question, in the phrase of a question of a list, in the fact of a list, in the fact of a list, in the fact of a list, in the fact of a list",unknown,no_label,False,
pair_0080_happy,pair_0080,21,01,01,01,happy,happy,It sounds be you be a child. It you a story of a question of a question of a question of a question of a list of a list of a list of a list of a list of a list of a list of a list of a list of a list of a list of a list of a list of,unknown,no_label,False,
pair_0080_sad,pair_0080,21,01,01,01,sad,sad,It sounds be the child of the phrase of the phrase of the phrase of the phrase of the phrase of the phrase of the phrase of the phrase of the phrase of the phrase of the phrase of the phrase of the fact of the fact of the fact of the fact of the fact of the fact of the fact of the,unknown,no_label,False,
pair_0081_happy,pair_0081,21,01,02,01,happy,happy,It sounds be you be a child. It you a story of a question of a question of a question of a question of a list of a list of a list of a list of a list of a list of a list of a list of a list of a list of a list of a list of a list of,unknown,no_label,False,
pair_0081_sad,pair_0081,21,01,02,01,sad,sad,It sounds be you be a child. It you a question of a question of a question of a question of a question of a list of a list of a list of a list of a list of a list of a list of a list of a list of a list of a list of a list of a list of,unknown,no_label,False,
pair_0082_happy,pair_0082,21,02,01,01,happy,happy,It sounds be not be a playful of a question of a question of a question of a question of a question of a question of a list of a list of a list of a list of a list of a list of a list of a list of a list of a list of a list of a list of a list,unknown,no_label,False,
pair_0082_sad,pair_0082,21,02,01,01,sad,sad,It sounds be not be a small. It you a story of a question of a question of a question of a question of a list of a list of a list of a list of a list of a list of a list of a list of a list of a list of a list of a list of a list of,unknown,no_label,False,
pair_0083_happy,pair_0083,21,02,02,01,happy,happy,It sounds be not be a small. It you a question of a question of a question of a question of a question of a list of a list of a list of a list of a list of a list of a list of a list of a list of a list of a list of a list of a list of,unknown,no_label,False,
pair_0083_sad,pair_0083,21,02,02,01,sad,sad,"It sounds be not be a small of a question. It a question of a question of a question of a question of a question, in the phrase of a question of a list, in the fact of a list, in the fact of a list, in the fact of a list, in the fact of a list",unknown,no_label,False,
pair_0084_happy,pair_0084,22,01,01,01,happy,happy,It sounds be the child of the phrase of the phrase of the phrase of the phrase of the phrase of the phrase of the phrase of the phrase of the phrase of the phrase of the phrase of the phrase of the phrase of the phrase of the fact of the fact of the fact of the fact of the fact of the,unknown,no_label,False,
pair_0084_sad,pair_0084,22,01,01,01,sad,sad,It sounds be you be a child. It you a story of a question of a question of a question of a question of a list of a list of a list of a list of a list of a list of a list of a list of a list of a list of a list of a list of a list of,unknown,no_label,False,
pair_0085_happy,pair_0085,22,01,02,01,happy,happy,It sounds be you be a child. It you a story of a question of a question of a question of a question of a list of a list of a list of a list of a list of a list of a list of a list of a list of a list of a list of a list of a list of,unknown,no_label,False,
pair_0085_sad,pair_0085,22,01,02,01,sad,sad,It sounds be the child of the phrase of the phrase of the phrase of the phrase of the phrase of the phrase of the phrase of the phrase of the phrase of the phrase of the phrase of the phrase of the phrase of the phrase of the phrase of the fact of the fact of the fact of the fact of the,unknown,no_label,False,
pair_0086_happy,pair_0086,22,02,01,01,happy,happy,"It sounds be not be a small. It you a question of a question of a question of a question of a question of a question, in the phrase of a question of a list, in the fact of a list of a list, in the fact of a list of a list, in the fact of a list",unknown,no_label,False,
pair_0086_sad,pair_0086,22,02,01,01,sad,sad,It sounds be not be a small. It you a question of a question of a question of a question of a question of a list of a list of a list of a list of a list of a list of a list of a list of a list of a list of a list of a list of a list of,unknown,no_label,False,
pair_0087_happy,pair_0087,22,02,02,01,happy,happy,"It sounds be not be a small. It you a question of a question of a question of a question of a question of a question, in the phrase of a question of a list, in the fact of a list of a list, in the fact of a list of a list, in the fact of a list",unknown,no_label,False,
pair_0087_sad,pair_0087,22,02,02,01,sad,sad,It sounds be not be a small. It you a question of a question of a question of a question of a question of a list of a list of a list of a list of a list of a list of a list of a list of a list of a list of a list of a list of a list of,unknown,no_label,False,
pair_0088_happy,pair_0088,23,01,01,01,happy,happy,It sounds be you be a child. It you a story of a question of a question of a question of a question of a list of a list of a list of a list of a list of a list of a list of a list of a list of a list of a list of a list of a list of,unknown,no_label,False,
pair_0088_sad,pair_0088,23,01,01,01,sad,sad,It sounds be you be a child. It you a story of a question of a question of a question of a question of a list of a list of a list of a list of a list of a list of a list of a list of a list of a list of a list of a list of a list of,unknown,no_label,False,
pair_0089_happy,pair_0089,23,01,02,01,happy,happy,It sounds be the child of the phrase of the phrase of the phrase of the phrase of the phrase of the phrase of the phrase of the phrase of the phrase of the phrase of the phrase of the phrase of the phrase of the phrase of the phrase of the phrase of the phrase of the phrase of the phrase of the,unknown,no_label,False,
pair_0089_sad,pair_0089,23,01,02,01,sad,sad,It sounds be the child of the phrase of the phrase of the phrase of the phrase of the phrase of the phrase of the phrase of the phrase of the phrase of the phrase of the phrase of the phrase of the phrase of the phrase of the fact of the fact of the fact of the fact of the fact of the,unknown,no_label,False,
pair_0090_happy,pair_0090,23,02,01,01,happy,happy,It sounds be not be a playful of a question of a question of a question of a question of a question of a question of a list of a list of a list of a list of a list of a list of a list of a list of a list of a list of a list of a list of a list,unknown,no_label,False,
pair_0090_sad,pair_0090,23,02,01,01,sad,sad,It sounds be not be a small. It a playful of a question of a question of a question of a question of a list of a list of a list of a list of a list of a list of a list of a list of a list of a list of a list of a list of a list of a,unknown,no_label,False,
pair_0091_happy,pair_0091,23,02,02,01,happy,happy,"It sounds be not be a message. It the phrase of a question of a question of a question of a question of a question, in the phrase of a question of a list, in the fact of a list, in the fact of a list, in the fact of a list, in the fact of a list",unknown,no_label,False,
pair_0091_sad,pair_0091,23,02,02,01,sad,sad,"It sounds be not be a small. It a playful of a question of a question of a question of a question of a list of a list of a list of a list of a list of a list of a list of a list of a list of a list of a list of a list, the phrase of a",unknown,no_label,False,
pair_0092_happy,pair_0092,24,01,01,01,happy,happy,It sounds be the child of the phrase of the phrase of the phrase of the phrase of the phrase of the phrase of the phrase of the phrase of the phrase of the phrase of the phrase of the phrase of the phrase of the phrase of the phrase of the phrase of the phrase of the phrase of the phrase of the,unknown,no_label,False,
pair_0092_sad,pair_0092,24,01,01,01,sad,sad,It sounds be you be a child. It you a story of a question of a question of a question of a question of a list of a list of a list of a list of a list of a list of a list of a list of a list of a list of a list of a list of a list of,unknown,no_label,False,
pair_0093_happy,pair_0093,24,01,02,01,happy,happy,It sounds be the child of the phrase of the phrase of the phrase of the phrase of the phrase of the phrase of the phrase of the phrase of the phrase of the phrase of the phrase of the phrase of the phrase of the phrase of the phrase of the fact of the fact of the fact of the fact of the,unknown,no_label,False,
pair_0093_sad,pair_0093,24,01,02,01,sad,sad,It sounds be the child of the phrase of the phrase of the phrase of the phrase of the phrase of the phrase of the phrase of the phrase of the phrase of the phrase of the phrase of the phrase of the fact of the fact of the fact of the fact of the fact of the fact of the fact of the,unknown,no_label,False,
pair_0094_happy,pair_0094,24,02,01,01,happy,happy,It sounds be not be a playful of a question of a question of a question of a question of a question of a question of a list of a list of a list of a list of a list of a list of a list of a list of a list of a list of a list of a list of a list,unknown,no_label,False,
pair_0094_sad,pair_0094,24,02,01,01,sad,sad,It sounds be not be a playful of a question of a question of a question of a question of a question of a question of a list of a list of a list of a list of a list of a list of a list of a list of a list of a list of a list of a list of a list,unknown,no_label,False,
pair_0095_happy,pair_0095,24,02,02,01,happy,happy,It sounds be not be a playful of a question of a question of a question of a question of a question of a question of a list of a list of a list of a list of a list of a list of a list of a list of a list of a list of a list of a list of a list,unknown,no_label,False,
pair_0095_sad,pair_0095,24,02,02,01,sad,sad,"It sounds be not be a message. It the phrase of a question of a question of a question of a question of a list of a list of a list of a list of a list, the phrase of the phrase of a list of a list, the phrase of the phrase of a list, the phrase of the",unknown,no_label,False,
