family,layer_index,layer,speaker_held_out_actors,speaker_held_out_accuracy,statement_01_to_02_accuracy,statement_02_to_01_accuracy,statement_held_out_mean
audio_encoder,0,conv2,"19,20,21,22,23,24",0.75,0.7291666666666666,0.71875,0.7239583333333333
audio_encoder,1,block_0,"19,20,21,22,23,24",0.7916666666666666,0.7708333333333334,0.7916666666666666,0.78125
audio_encoder,2,block_1,"19,20,21,22,23,24",0.8125,0.8020833333333334,0.8229166666666666,0.8125
audio_encoder,3,block_2,"19,20,21,22,23,24",0.75,0.8020833333333334,0.8020833333333334,0.8020833333333334
audio_encoder,4,block_3,"19,20,21,22,23,24",0.7708333333333334,0.8333333333333334,0.8020833333333334,0.8177083333333334
audio_encoder,5,block_4,"19,20,21,22,23,24",0.7708333333333334,0.8229166666666666,0.84375,0.8333333333333333
audio_encoder,6,block_5,"19,20,21,22,23,24",0.8125,0.8333333333333334,0.875,0.8541666666666667
audio_encoder,7,block_6,"19,20,21,22,23,24",0.9166666666666666,0.8645833333333334,0.8645833333333334,0.8645833333333334
audio_encoder,8,block_7,"19,20,21,22,23,24",0.875,0.875,0.8854166666666666,0.8802083333333333
audio_encoder,9,block_8,"19,20,21,22,23,24",0.875,0.875,0.875,0.875
audio_encoder,10,block_9,"19,20,21,22,23,24",0.875,0.8854166666666666,0.875,0.8802083333333333
audio_encoder,11,block_10,"19,20,21,22,23,24",0.8958333333333334,0.875,0.8854166666666666,0.8802083333333333
audio_encoder,12,block_11,"19,20,21,22,23,24",0.9375,0.8958333333333334,0.8854166666666666,0.890625
audio_encoder,13,final,"19,20,21,22,23,24",0.9375,0.90625,0.8854166666666666,0.8958333333333333
projector,0,projector_mean,"19,20,21,22,23,24",0.9583333333333334,0.8958333333333334,0.9270833333333334,0.9114583333333334
llm_audio_mean,0,embedding,"19,20,21,22,23,24",0.9375,0.8958333333333334,0.90625,0.9010416666666667
llm_audio_mean,1,layer_0,"19,20,21,22,23,24",0.9583333333333334,0.8541666666666666,0.90625,0.8802083333333333
llm_audio_mean,2,layer_1,"19,20,21,22,23,24",0.9583333333333334,0.9166666666666666,0.90625,0.9114583333333333
llm_audio_mean,3,layer_2,"19,20,21,22,23,24",0.9166666666666666,0.8958333333333334,0.8958333333333334,0.8958333333333334
llm_audio_mean,4,layer_3,"19,20,21,22,23,24",0.9166666666666666,0.8645833333333334,0.875,0.8697916666666667
llm_audio_mean,5,layer_4,"19,20,21,22,23,24",0.9166666666666666,0.8541666666666666,0.8854166666666666,0.8697916666666666
llm_audio_mean,6,layer_5,"19,20,21,22,23,24",0.9166666666666666,0.8854166666666666,0.8854166666666666,0.8854166666666666
llm_audio_mean,7,layer_6,"19,20,21,22,23,24",0.9375,0.8645833333333334,0.8854166666666666,0.875
llm_audio_mean,8,layer_7,"19,20,21,22,23,24",0.9166666666666666,0.875,0.875,0.875
llm_audio_mean,9,layer_8,"19,20,21,22,23,24",0.9166666666666666,0.875,0.875,0.875
llm_audio_mean,10,layer_9,"19,20,21,22,23,24",0.9166666666666666,0.8854166666666666,0.8541666666666666,0.8697916666666666
llm_audio_mean,11,layer_10,"19,20,21,22,23,24",0.9166666666666666,0.8541666666666666,0.84375,0.8489583333333333
llm_audio_mean,12,layer_11,"19,20,21,22,23,24",0.9166666666666666,0.84375,0.8333333333333334,0.8385416666666667
llm_audio_mean,13,layer_12,"19,20,21,22,23,24",0.9375,0.8333333333333334,0.8020833333333334,0.8177083333333334
llm_audio_mean,14,layer_13,"19,20,21,22,23,24",0.9166666666666666,0.8125,0.7916666666666666,0.8020833333333333
llm_audio_mean,15,layer_14,"19,20,21,22,23,24",0.9166666666666666,0.8020833333333334,0.8020833333333334,0.8020833333333334
llm_audio_mean,16,layer_15,"19,20,21,22,23,24",0.9166666666666666,0.8333333333333334,0.8125,0.8229166666666667
llm_audio_mean,17,layer_16,"19,20,21,22,23,24",0.9375,0.84375,0.8125,0.828125
llm_audio_mean,18,layer_17,"19,20,21,22,23,24",0.9375,0.8541666666666666,0.8125,0.8333333333333333
llm_audio_mean,19,layer_18,"19,20,21,22,23,24",0.9375,0.875,0.8229166666666666,0.8489583333333333
llm_audio_mean,20,layer_19,"19,20,21,22,23,24",0.9375,0.8645833333333334,0.84375,0.8541666666666667
llm_audio_mean,21,layer_20,"19,20,21,22,23,24",0.9166666666666666,0.8645833333333334,0.8229166666666666,0.84375
llm_audio_mean,22,layer_21,"19,20,21,22,23,24",0.9166666666666666,0.8125,0.8125,0.8125
llm_audio_mean,23,layer_22,"19,20,21,22,23,24",0.9166666666666666,0.8020833333333334,0.8541666666666666,0.828125
llm_audio_mean,24,layer_23,"19,20,21,22,23,24",0.875,0.8125,0.7708333333333334,0.7916666666666667
llm_decision,0,embedding,"19,20,21,22,23,24",0.5,0.5,0.5,0.5
llm_decision,1,layer_0,"19,20,21,22,23,24",0.6666666666666666,0.6770833333333334,0.7083333333333334,0.6927083333333334
llm_decision,2,layer_1,"19,20,21,22,23,24",0.7708333333333334,0.6354166666666666,0.6666666666666666,0.6510416666666666
llm_decision,3,layer_2,"19,20,21,22,23,24",0.75,0.5833333333333334,0.6666666666666666,0.625
llm_decision,4,layer_3,"19,20,21,22,23,24",0.6875,0.59375,0.6354166666666666,0.6145833333333333
llm_decision,5,layer_4,"19,20,21,22,23,24",0.6666666666666666,0.6041666666666666,0.6458333333333334,0.625
llm_decision,6,layer_5,"19,20,21,22,23,24",0.6666666666666666,0.6145833333333334,0.625,0.6197916666666667
llm_decision,7,layer_6,"19,20,21,22,23,24",0.6666666666666666,0.5833333333333334,0.6145833333333334,0.5989583333333334
llm_decision,8,layer_7,"19,20,21,22,23,24",0.8333333333333334,0.53125,0.6770833333333334,0.6041666666666667
llm_decision,9,layer_8,"19,20,21,22,23,24",0.75,0.5520833333333334,0.6666666666666666,0.609375
llm_decision,10,layer_9,"19,20,21,22,23,24",0.75,0.6041666666666666,0.65625,0.6302083333333333
llm_decision,11,layer_10,"19,20,21,22,23,24",0.8125,0.5833333333333334,0.625,0.6041666666666667
llm_decision,12,layer_11,"19,20,21,22,23,24",0.8333333333333334,0.5,0.6875,0.59375
llm_decision,13,layer_12,"19,20,21,22,23,24",0.8333333333333334,0.5729166666666666,0.5520833333333334,0.5625
llm_decision,14,layer_13,"19,20,21,22,23,24",0.7708333333333334,0.5208333333333334,0.6354166666666666,0.578125
llm_decision,15,layer_14,"19,20,21,22,23,24",0.6458333333333334,0.53125,0.5729166666666666,0.5520833333333333
llm_decision,16,layer_15,"19,20,21,22,23,24",0.6041666666666666,0.5416666666666666,0.5833333333333334,0.5625
llm_decision,17,layer_16,"19,20,21,22,23,24",0.7708333333333334,0.5,0.625,0.5625
llm_decision,18,layer_17,"19,20,21,22,23,24",0.8333333333333334,0.5104166666666666,0.5208333333333334,0.515625
llm_decision,19,layer_18,"19,20,21,22,23,24",0.75,0.5729166666666666,0.6041666666666666,0.5885416666666666
llm_decision,20,layer_19,"19,20,21,22,23,24",0.7708333333333334,0.625,0.53125,0.578125
llm_decision,21,layer_20,"19,20,21,22,23,24",0.7916666666666666,0.5520833333333334,0.5520833333333334,0.5520833333333334
llm_decision,22,layer_21,"19,20,21,22,23,24",0.7708333333333334,0.65625,0.5,0.578125
llm_decision,23,layer_22,"19,20,21,22,23,24",0.7291666666666666,0.53125,0.5,0.515625
llm_decision,24,layer_23,"19,20,21,22,23,24",0.7708333333333334,0.53125,0.5,0.515625
llm_prompt_last,0,embedding,"19,20,21,22,23,24",0.5,0.5,0.5,0.5
llm_prompt_last,1,layer_0,"19,20,21,22,23,24",0.5,0.5,0.5,0.5
llm_prompt_last,2,layer_1,"19,20,21,22,23,24",0.5,0.5,0.5,0.5
llm_prompt_last,3,layer_2,"19,20,21,22,23,24",0.5,0.5,0.5,0.5
llm_prompt_last,4,layer_3,"19,20,21,22,23,24",0.5,0.5,0.5,0.5
llm_prompt_last,5,layer_4,"19,20,21,22,23,24",0.5,0.5,0.5,0.5
llm_prompt_last,6,layer_5,"19,20,21,22,23,24",0.5,0.5,0.5,0.5
llm_prompt_last,7,layer_6,"19,20,21,22,23,24",0.5,0.5,0.5,0.5
llm_prompt_last,8,layer_7,"19,20,21,22,23,24",0.5,0.5,0.5,0.5
llm_prompt_last,9,layer_8,"19,20,21,22,23,24",0.5,0.5,0.5,0.5
llm_prompt_last,10,layer_9,"19,20,21,22,23,24",0.5,0.5,0.5,0.5
llm_prompt_last,11,layer_10,"19,20,21,22,23,24",0.5,0.5,0.5,0.5
llm_prompt_last,12,layer_11,"19,20,21,22,23,24",0.5,0.5,0.5,0.5
llm_prompt_last,13,layer_12,"19,20,21,22,23,24",0.5,0.5,0.5,0.5
llm_prompt_last,14,layer_13,"19,20,21,22,23,24",0.5,0.5,0.5,0.5
llm_prompt_last,15,layer_14,"19,20,21,22,23,24",0.5,0.5,0.5,0.5
llm_prompt_last,16,layer_15,"19,20,21,22,23,24",0.5,0.5,0.5,0.5
llm_prompt_last,17,layer_16,"19,20,21,22,23,24",0.5,0.5,0.5,0.5
llm_prompt_last,18,layer_17,"19,20,21,22,23,24",0.5,0.5,0.5,0.5
llm_prompt_last,19,layer_18,"19,20,21,22,23,24",0.5,0.5,0.5,0.5
llm_prompt_last,20,layer_19,"19,20,21,22,23,24",0.5,0.5,0.5,0.5
llm_prompt_last,21,layer_20,"19,20,21,22,23,24",0.5,0.5,0.5,0.5
llm_prompt_last,22,layer_21,"19,20,21,22,23,24",0.5,0.5,0.5,0.5
llm_prompt_last,23,layer_22,"19,20,21,22,23,24",0.5,0.5,0.5,0.5
llm_prompt_last,24,layer_23,"19,20,21,22,23,24",0.5,0.5,0.5,0.5
