endpoint,statement,condition,metric,mean,ci_low,ci_high
block6,DFA,clean,mean_within_fold_auc,0.9545454545454546,0.9090909090909091,0.9886363636363636
block6,DFA,clean,pooled_roc_auc,0.9568698347107438,0.9297520661157025,0.9792097107438017
block6,DFA,clean,accuracy,0.8863636363636364,0.8409090909090909,0.9318181818181818
block6,DFA,no_attn,mean_within_fold_auc,0.9886363636363636,0.9659090909090909,1.0
block6,DFA,no_attn,pooled_roc_auc,0.971849173553719,0.9524793388429752,0.9877324380165289
block6,DFA,no_attn,accuracy,0.9090909090909091,0.8693181818181818,0.9488636363636364
block6,DFA,no_mlp,mean_within_fold_auc,0.9659090909090909,0.9204545454545454,1.0
block6,DFA,no_mlp,pooled_roc_auc,0.9620351239669421,0.9358212809917356,0.9830836776859504
block6,DFA,no_mlp,accuracy,0.9034090909090909,0.8579545454545454,0.9431818181818182
block6,IOM,clean,mean_within_fold_auc,0.9431818181818182,0.8863636363636364,0.9886363636363636
block6,IOM,clean,pooled_roc_auc,0.9387913223140496,0.9010847107438017,0.971720041322314
block6,IOM,clean,accuracy,0.9204545454545454,0.8806818181818182,0.954687499999998
block6,IOM,no_attn,mean_within_fold_auc,0.9659090909090909,0.9204545454545454,1.0
block6,IOM,no_attn,pooled_roc_auc,0.9745609504132231,0.95338326446281,0.9900568181818182
block6,IOM,no_attn,accuracy,0.8977272727272727,0.8465909090909091,0.9431818181818182
block6,IOM,no_mlp,mean_within_fold_auc,0.9318181818181818,0.875,0.9772727272727273
block6,IOM,no_mlp,pooled_roc_auc,0.9365960743801653,0.9008232179752066,0.9670712809917356
block6,IOM,no_mlp,accuracy,0.8522727272727273,0.8011363636363636,0.9034090909090909
block6,ITH,clean,mean_within_fold_auc,0.9545454545454546,0.9090909090909091,0.9886363636363636
block6,ITH,clean,pooled_roc_auc,0.9426652892561983,0.9119285898760331,0.96900826446281
block6,ITH,clean,accuracy,0.8636363636363636,0.8125,0.9090909090909091
block6,ITH,no_attn,mean_within_fold_auc,0.9772727272727273,0.9431818181818182,1.0
block6,ITH,no_attn,pooled_roc_auc,0.9541580578512396,0.9282024793388429,0.9759814049586777
block6,ITH,no_attn,accuracy,0.875,0.8295454545454546,0.9204545454545454
block6,ITH,no_mlp,mean_within_fold_auc,0.9772727272727273,0.9431818181818182,1.0
block6,ITH,no_mlp,pooled_roc_auc,0.9269111570247934,0.8928202479338843,0.9576446280991735
block6,ITH,no_mlp,accuracy,0.8465909090909091,0.7954545454545454,0.8920454545454546
block6,ITS,clean,mean_within_fold_auc,0.9318181818181818,0.875,0.9772727272727273
block6,ITS,clean,pooled_roc_auc,0.9111570247933884,0.8708645402892562,0.9460259555785123
block6,ITS,clean,accuracy,0.8181818181818182,0.7670454545454546,0.8693181818181818
block6,ITS,no_attn,mean_within_fold_auc,1.0,1.0,1.0
block6,ITS,no_attn,pooled_roc_auc,0.9559659090909091,0.9305268595041323,0.9790805785123967
block6,ITS,no_attn,accuracy,0.8977272727272727,0.8522727272727273,0.9375
block6,ITS,no_mlp,mean_within_fold_auc,0.9545454545454546,0.9090909090909091,0.9886363636363636
block6,ITS,no_mlp,pooled_roc_auc,0.9393078512396694,0.9071506973140495,0.9660382231404959
block6,ITS,no_mlp,accuracy,0.8465909090909091,0.7954545454545454,0.8920454545454546
block6,IWL,clean,mean_within_fold_auc,0.9318181818181818,0.875,0.9772727272727273
block6,IWL,clean,pooled_roc_auc,0.9261363636363636,0.887396694214876,0.9591942148760331
block6,IWL,clean,accuracy,0.8522727272727273,0.8011363636363636,0.9034090909090909
block6,IWL,no_attn,mean_within_fold_auc,0.9659090909090909,0.9204545454545454,1.0
block6,IWL,no_attn,pooled_roc_auc,0.9518336776859504,0.9226497933884298,0.9763688016528925
block6,IWL,no_attn,accuracy,0.8693181818181818,0.8238636363636364,0.9147727272727273
block6,IWL,no_mlp,mean_within_fold_auc,0.9318181818181818,0.875,0.9772727272727273
block6,IWL,no_mlp,pooled_roc_auc,0.9314307851239669,0.8946248708677685,0.9616477272727273
block6,IWL,no_mlp,accuracy,0.8409090909090909,0.7784090909090909,0.8977272727272727
block6,IWW,clean,mean_within_fold_auc,0.8295454545454546,0.75,0.8977272727272727
block6,IWW,clean,pooled_roc_auc,0.8051394628099173,0.740311854338843,0.8647985537190083
block6,IWW,clean,accuracy,0.7159090909090909,0.6477272727272727,0.7784090909090909
block6,IWW,no_attn,mean_within_fold_auc,0.9659090909090909,0.9204545454545454,1.0
block6,IWW,no_attn,pooled_roc_auc,0.9241993801652892,0.8826188016528925,0.9610020661157025
block6,IWW,no_attn,accuracy,0.8863636363636364,0.8409090909090909,0.9261363636363636
block6,IWW,no_mlp,mean_within_fold_auc,0.8522727272727273,0.7727272727272727,0.9204545454545454
block6,IWW,no_mlp,pooled_roc_auc,0.8424586776859504,0.7824121900826446,0.8966942148760331
block6,IWW,no_mlp,accuracy,0.7670454545454546,0.7045454545454546,0.8295454545454546
block6,MTI,clean,mean_within_fold_auc,0.8977272727272727,0.8295454545454546,0.9545454545454546
block6,MTI,clean,pooled_roc_auc,0.884426652892562,0.8354823088842975,0.9265269886363635
block6,MTI,clean,accuracy,0.8125,0.7556818181818182,0.8636363636363636
block6,MTI,no_attn,mean_within_fold_auc,0.9318181818181818,0.875,0.9772727272727273
block6,MTI,no_attn,pooled_roc_auc,0.9159349173553719,0.8721590909090909,0.9549328512396694
block6,MTI,no_attn,accuracy,0.8522727272727273,0.7954545454545454,0.9034090909090909
block6,MTI,no_mlp,mean_within_fold_auc,0.9318181818181818,0.875,0.9772727272727273
block6,MTI,no_mlp,pooled_roc_auc,0.9116735537190083,0.8712551652892562,0.9470557851239669
block6,MTI,no_mlp,accuracy,0.8295454545454546,0.7727272727272727,0.8806818181818182
block6,TAI,clean,mean_within_fold_auc,0.9659090909090909,0.9204545454545454,1.0
block6,TAI,clean,pooled_roc_auc,0.9169679752066116,0.8788739669421488,0.9511880165289256
block6,TAI,clean,accuracy,0.8352272727272727,0.7840909090909091,0.8863636363636364
block6,TAI,no_attn,mean_within_fold_auc,0.9204545454545454,0.8636363636363636,0.9772727272727273
block6,TAI,no_attn,pooled_roc_auc,0.9114152892561983,0.8697055785123967,0.9474431818181818
block6,TAI,no_attn,accuracy,0.8352272727272727,0.7840909090909091,0.8863636363636364
block6,TAI,no_mlp,mean_within_fold_auc,0.9318181818181818,0.875,0.9772727272727273
block6,TAI,no_mlp,pooled_roc_auc,0.9194214876033058,0.8782218491735537,0.9546745867768595
block6,TAI,no_mlp,accuracy,0.8636363636363636,0.8125,0.9147727272727273
block6,TIE,clean,mean_within_fold_auc,0.9318181818181818,0.875,0.9772727272727273
block6,TIE,clean,pooled_roc_auc,0.9050878099173554,0.8632457386363637,0.9425361570247934
block6,TIE,clean,accuracy,0.8181818181818182,0.7670454545454546,0.8693181818181818
block6,TIE,no_attn,mean_within_fold_auc,0.9431818181818182,0.8863636363636364,0.9886363636363636
block6,TIE,no_attn,pooled_roc_auc,0.9367252066115702,0.8974690082644629,0.9705610795454545
block6,TIE,no_attn,accuracy,0.8693181818181818,0.8181818181818182,0.9147727272727273
block6,TIE,no_mlp,mean_within_fold_auc,0.9090909090909091,0.8522727272727273,0.9659090909090909
block6,TIE,no_mlp,pooled_roc_auc,0.9013429752066116,0.8582128099173554,0.9400858729338842
block6,TIE,no_mlp,accuracy,0.7954545454545454,0.7386363636363636,0.8522727272727273
block6,TSI,clean,mean_within_fold_auc,0.9886363636363636,0.9659090909090909,1.0
block6,TSI,clean,pooled_roc_auc,0.9324638429752066,0.8999225206611571,0.9613894628099173
block6,TSI,clean,accuracy,0.8522727272727273,0.8011363636363636,0.8977272727272727
block6,TSI,no_attn,mean_within_fold_auc,0.9772727272727273,0.9431818181818182,1.0
block6,TSI,no_attn,pooled_roc_auc,0.9204545454545454,0.884165160123967,0.9541580578512396
block6,TSI,no_attn,accuracy,0.8295454545454546,0.7784090909090909,0.8806818181818182
block6,TSI,no_mlp,mean_within_fold_auc,0.9659090909090909,0.9204545454545454,1.0
block6,TSI,no_mlp,pooled_roc_auc,0.9269111570247934,0.893853305785124,0.9575154958677686
block6,TSI,no_mlp,accuracy,0.8409090909090909,0.7897727272727273,0.8920454545454546
block6,WSI,clean,mean_within_fold_auc,0.9318181818181818,0.875,0.9772727272727273
block6,WSI,clean,pooled_roc_auc,0.8841683884297521,0.8381973140495868,0.9258780991735537
block6,WSI,clean,accuracy,0.7897727272727273,0.7329545454545454,0.8409090909090909
block6,WSI,no_attn,mean_within_fold_auc,0.9431818181818182,0.8977272727272727,0.9886363636363636
block6,WSI,no_attn,pooled_roc_auc,0.9457644628099173,0.9128325154958677,0.9735278925619835
block6,WSI,no_attn,accuracy,0.8863636363636364,0.8409090909090909,0.9318181818181818
block6,WSI,no_mlp,mean_within_fold_auc,0.9659090909090909,0.9204545454545454,1.0
block6,WSI,no_mlp,pooled_roc_auc,0.937629132231405,0.9035382231404959,0.9674619059917354
block6,WSI,no_mlp,accuracy,0.8693181818181818,0.8238636363636364,0.9147727272727273
block6,combined,clean,mean_within_fold_auc,0.9328512396694215,0.9152892561983471,0.9493801652892561
block6,combined,clean,pooled_roc_auc,0.9114248941329144,0.8967439201130387,0.9255867779267127
block6,combined,clean,accuracy,0.8331611570247934,0.8135330578512396,0.8517561983471075
block6,combined,no_attn,mean_within_fold_auc,0.9617768595041322,0.9483471074380163,0.9741735537190084
block6,combined,no_attn,pooled_roc_auc,0.941817925688136,0.9284788063059217,0.9541689433781845
block6,combined,no_attn,accuracy,0.8734504132231405,0.8558884297520661,0.890495867768595
block6,combined,no_mlp,mean_within_fold_auc,0.9380165289256198,0.9225206611570248,0.9524793388429752
block6,combined,no_mlp,pooled_roc_auc,0.9223050850351752,0.9086255794942285,0.9352450684294106
block6,combined,no_mlp,accuracy,0.8414256198347108,0.8223140495867769,0.8600206611570248
final_answer,DFA,clean,mean_within_fold_auc,0.8863636363636364,0.8181818181818182,0.9431818181818182
final_answer,DFA,clean,pooled_roc_auc,0.9125774793388429,0.8640237603305785,0.9542871900826446
final_answer,DFA,clean,accuracy,0.8636363636363636,0.8125,0.9090909090909091
final_answer,DFA,no_attn,mean_within_fold_auc,0.9204545454545454,0.8636363636363636,0.9772727272727273
final_answer,DFA,no_attn,pooled_roc_auc,0.9356921487603306,0.8964359504132231,0.9681043388429752
final_answer,DFA,no_attn,accuracy,0.8636363636363636,0.8068181818181818,0.9147727272727273
final_answer,DFA,no_mlp,mean_within_fold_auc,0.9545454545454546,0.9090909090909091,0.9886363636363636
final_answer,DFA,no_mlp,pooled_roc_auc,0.9358212809917356,0.8992736311983471,0.9672004132231405
final_answer,DFA,no_mlp,accuracy,0.8806818181818182,0.8352272727272727,0.9204545454545454
final_answer,IOM,clean,mean_within_fold_auc,0.9090909090909091,0.8409090909090909,0.9659090909090909
final_answer,IOM,clean,pooled_roc_auc,0.9375,0.8991477272727273,0.9683626033057852
final_answer,IOM,clean,accuracy,0.8636363636363636,0.8068181818181818,0.9147727272727273
final_answer,IOM,no_attn,mean_within_fold_auc,0.9090909090909091,0.8409090909090909,0.9659090909090909
final_answer,IOM,no_attn,pooled_roc_auc,0.9182592975206612,0.8693181818181818,0.9584194214876033
final_answer,IOM,no_attn,accuracy,0.8352272727272727,0.7784090909090909,0.8920454545454546
final_answer,IOM,no_mlp,mean_within_fold_auc,0.9090909090909091,0.8409090909090909,0.9659090909090909
final_answer,IOM,no_mlp,pooled_roc_auc,0.9276859504132231,0.8817148760330579,0.9631973140495868
final_answer,IOM,no_mlp,accuracy,0.8352272727272727,0.7727272727272727,0.8920454545454546
final_answer,ITH,clean,mean_within_fold_auc,0.9772727272727273,0.9431818181818182,1.0
final_answer,ITH,clean,pooled_roc_auc,0.9137396694214877,0.8757747933884298,0.9493801652892562
final_answer,ITH,clean,accuracy,0.8238636363636364,0.7727272727272727,0.875
final_answer,ITH,no_attn,mean_within_fold_auc,0.9886363636363636,0.9659090909090909,1.0
final_answer,ITH,no_attn,pooled_roc_auc,0.9297520661157025,0.8942407024793388,0.9611311983471075
final_answer,ITH,no_attn,accuracy,0.8409090909090909,0.7897727272727273,0.8863636363636364
final_answer,ITH,no_mlp,mean_within_fold_auc,0.9204545454545454,0.8636363636363636,0.9772727272727273
final_answer,ITH,no_mlp,pooled_roc_auc,0.9068956611570248,0.865573347107438,0.9430526859504132
final_answer,ITH,no_mlp,accuracy,0.8068181818181818,0.75,0.8579545454545454
final_answer,ITS,clean,mean_within_fold_auc,0.9659090909090909,0.9204545454545454,1.0
final_answer,ITS,clean,pooled_roc_auc,0.9523502066115702,0.921355242768595,0.9772759555785123
final_answer,ITS,clean,accuracy,0.8693181818181818,0.8238636363636364,0.9147727272727273
final_answer,ITS,no_attn,mean_within_fold_auc,0.9772727272727273,0.9431818181818182,1.0
final_answer,ITS,no_attn,pooled_roc_auc,0.9586776859504132,0.9325929752066116,0.9806301652892562
final_answer,ITS,no_attn,accuracy,0.9034090909090909,0.8636363636363636,0.9431818181818182
final_answer,ITS,no_mlp,mean_within_fold_auc,0.9545454545454546,0.9090909090909091,0.9886363636363636
final_answer,ITS,no_mlp,pooled_roc_auc,0.9209710743801653,0.8842975206611571,0.9541580578512396
final_answer,ITS,no_mlp,accuracy,0.8352272727272727,0.7840909090909091,0.8863636363636364
final_answer,IWL,clean,mean_within_fold_auc,0.9318181818181818,0.875,0.9772727272727273
final_answer,IWL,clean,pooled_roc_auc,0.9302685950413223,0.8848140495867769,0.9673295454545454
final_answer,IWL,clean,accuracy,0.875,0.8238636363636364,0.9204545454545454
final_answer,IWL,no_attn,mean_within_fold_auc,0.9659090909090909,0.9204545454545454,1.0
final_answer,IWL,no_attn,pooled_roc_auc,0.956224173553719,0.9252324380165289,0.981146694214876
final_answer,IWL,no_attn,accuracy,0.8920454545454546,0.8409090909090909,0.9375
final_answer,IWL,no_mlp,mean_within_fold_auc,0.8863636363636364,0.8181818181818182,0.9545454545454546
final_answer,IWL,no_mlp,pooled_roc_auc,0.9049586776859504,0.8587261105371901,0.9451188016528925
final_answer,IWL,no_mlp,accuracy,0.8409090909090909,0.7897727272727273,0.8920454545454546
final_answer,IWW,clean,mean_within_fold_auc,0.875,0.8068181818181818,0.9431818181818182
final_answer,IWW,clean,pooled_roc_auc,0.8848140495867769,0.8352272727272727,0.9271726497933883
final_answer,IWW,clean,accuracy,0.7954545454545454,0.7386363636363636,0.8522727272727273
final_answer,IWW,no_attn,mean_within_fold_auc,0.9090909090909091,0.8409090909090909,0.9659090909090909
final_answer,IWW,no_attn,pooled_roc_auc,0.890495867768595,0.8406475981404958,0.9347882231404959
final_answer,IWW,no_attn,accuracy,0.8238636363636364,0.7727272727272727,0.875
final_answer,IWW,no_mlp,mean_within_fold_auc,0.875,0.8068181818181818,0.9431818181818182
final_answer,IWW,no_mlp,pooled_roc_auc,0.8362603305785123,0.7763429752066116,0.890628228305785
final_answer,IWW,no_mlp,accuracy,0.7556818181818182,0.6931818181818182,0.8181818181818182
final_answer,MTI,clean,mean_within_fold_auc,0.875,0.8068181818181818,0.9431818181818182
final_answer,MTI,clean,pooled_roc_auc,0.8764204545454546,0.8292839617768595,0.9205869059917354
final_answer,MTI,clean,accuracy,0.7954545454545454,0.7386363636363636,0.8465909090909091
final_answer,MTI,no_attn,mean_within_fold_auc,0.9090909090909091,0.8409090909090909,0.9659090909090909
final_answer,MTI,no_attn,pooled_roc_auc,0.8796487603305785,0.8331579287190083,0.9234245867768595
final_answer,MTI,no_attn,accuracy,0.7954545454545454,0.7386363636363636,0.8465909090909091
final_answer,MTI,no_mlp,mean_within_fold_auc,0.8977272727272727,0.8295454545454546,0.9545454545454546
final_answer,MTI,no_mlp,pooled_roc_auc,0.887654958677686,0.8389721074380165,0.9331095041322314
final_answer,MTI,no_mlp,accuracy,0.8352272727272727,0.7840909090909091,0.8808238636363617
final_answer,TAI,clean,mean_within_fold_auc,0.9318181818181818,0.875,0.9772727272727273
final_answer,TAI,clean,pooled_roc_auc,0.8827479338842975,0.8363862345041322,0.9256198347107438
final_answer,TAI,clean,accuracy,0.8125,0.7613636363636364,0.8636363636363636
final_answer,TAI,no_attn,mean_within_fold_auc,0.9090909090909091,0.8409090909090909,0.9659090909090909
final_answer,TAI,no_attn,pooled_roc_auc,0.8921745867768595,0.8420680526859504,0.9365993026859504
final_answer,TAI,no_attn,accuracy,0.8068181818181818,0.7443181818181818,0.8636363636363636
final_answer,TAI,no_mlp,mean_within_fold_auc,0.9204545454545454,0.8636363636363636,0.9772727272727273
final_answer,TAI,no_mlp,pooled_roc_auc,0.887525826446281,0.8385847107438017,0.931434013429752
final_answer,TAI,no_mlp,accuracy,0.8068181818181818,0.75,0.8636363636363636
final_answer,TIE,clean,mean_within_fold_auc,0.8295454545454546,0.75,0.9090909090909091
final_answer,TIE,clean,pooled_roc_auc,0.840779958677686,0.7795712809917356,0.8957902892561983
final_answer,TIE,clean,accuracy,0.7613636363636364,0.6931818181818182,0.8238636363636364
final_answer,TIE,no_attn,mean_within_fold_auc,0.8863636363636364,0.8181818181818182,0.9431818181818182
final_answer,TIE,no_attn,pooled_roc_auc,0.8890754132231405,0.8428460743801653,0.9318181818181818
final_answer,TIE,no_attn,accuracy,0.7897727272727273,0.7329545454545454,0.8465909090909091
final_answer,TIE,no_mlp,mean_within_fold_auc,0.8636363636363636,0.7840909090909091,0.9318181818181818
final_answer,TIE,no_mlp,pooled_roc_auc,0.8533057851239669,0.8035866477272727,0.8992768595041323
final_answer,TIE,no_mlp,accuracy,0.7727272727272727,0.7215909090909091,0.8238636363636364
final_answer,TSI,clean,mean_within_fold_auc,0.9431818181818182,0.8977272727272727,0.9886363636363636
final_answer,TSI,clean,pooled_roc_auc,0.9133522727272727,0.8759006973140495,0.9486086002066115
final_answer,TSI,clean,accuracy,0.8295454545454546,0.7727272727272727,0.8806818181818182
final_answer,TSI,no_attn,mean_within_fold_auc,0.9659090909090909,0.9204545454545454,1.0
final_answer,TSI,no_attn,pooled_roc_auc,0.9266528925619835,0.8884297520661157,0.9613926911157024
final_answer,TSI,no_attn,accuracy,0.8579545454545454,0.8068181818181818,0.9034090909090909
final_answer,TSI,no_mlp,mean_within_fold_auc,0.8977272727272727,0.8295454545454546,0.9545454545454546
final_answer,TSI,no_mlp,pooled_roc_auc,0.8917871900826446,0.8447830578512396,0.934271694214876
final_answer,TSI,no_mlp,accuracy,0.7897727272727273,0.7329545454545454,0.8465909090909091
final_answer,WSI,clean,mean_within_fold_auc,0.9204545454545454,0.8636363636363636,0.9772727272727273
final_answer,WSI,clean,pooled_roc_auc,0.8826188016528925,0.8354823088842975,0.9245867768595041
final_answer,WSI,clean,accuracy,0.7840909090909091,0.7215909090909091,0.8409090909090909
final_answer,WSI,no_attn,mean_within_fold_auc,0.9431818181818182,0.8863636363636364,0.9886363636363636
final_answer,WSI,no_attn,pooled_roc_auc,0.9363378099173554,0.9035349948347108,0.9642303719008265
final_answer,WSI,no_attn,accuracy,0.8579545454545454,0.8068181818181818,0.9090909090909091
final_answer,WSI,no_mlp,mean_within_fold_auc,0.9204545454545454,0.8636363636363636,0.9659090909090909
final_answer,WSI,no_mlp,pooled_roc_auc,0.9098657024793388,0.8654442148760331,0.9480888429752066
final_answer,WSI,no_mlp,accuracy,0.8295454545454546,0.7784090909090909,0.8806818181818182
final_answer,combined,clean,mean_within_fold_auc,0.9132231404958676,0.8956611570247933,0.9297520661157024
final_answer,combined,clean,pooled_roc_auc,0.9045339286933952,0.887827526296018,0.9206029941602349
final_answer,combined,clean,accuracy,0.824896694214876,0.8047520661157025,0.8445247933884298
final_answer,combined,no_attn,mean_within_fold_auc,0.9349173553719009,0.9163223140495866,0.9524793388429752
final_answer,combined,no_attn,pooled_roc_auc,0.9217512038112151,0.9063013594102179,0.9364939692046308
final_answer,combined,no_attn,accuracy,0.8424586776859504,0.8223140495867769,0.8620867768595041
final_answer,combined,no_mlp,mean_within_fold_auc,0.9090909090909091,0.8894628099173555,0.927685950413223
final_answer,combined,no_mlp,pooled_roc_auc,0.8984796547366983,0.8824905765487331,0.9136168070401611
final_answer,combined,no_mlp,accuracy,0.8171487603305785,0.7980371900826446,0.8357438016528925
