pair_id,actor,statement,repetition,intensity,happy_sample_id,sad_sample_id,condition_id,prompt,happy_verbalizer,sad_verbalizer,happy_token_ids,sad_token_ids,token_position,layer_index,layer,patch_site,patch_kind,baseline_happy_happy_token_logprob,baseline_happy_sad_token_logprob,baseline_sad_happy_token_logprob,baseline_sad_sad_token_logprob,baseline_happy_margin,baseline_sad_margin,patched_happy_target_happy_token_logprob,patched_happy_target_sad_token_logprob,patched_sad_target_happy_token_logprob,patched_sad_target_sad_token_logprob,patched_happy_target_margin,patched_sad_target_margin,happy_effect_toward_sad,sad_effect_toward_happy,counterfactual_effect,happy_direction,sad_direction,error
pair_0000,01,01,01,01,pair_0000_happy,pair_0000_sad,upper_prompt__upper_spaced,Listen to the speech. Is the speaker HAPPY or SAD? Answer only HAPPY or SAD., HAPPY, SAD,"[86777, 56]","[328, 1808]",1,17,layer_17,post_decoder_block_output,decision_token,-19.23788070678711,-30.148117065429688,-19.178709030151367,-29.801849365234375,10.910236358642578,10.623140335083008,-19.231684,-29.871485,-19.184216,-30.109436,10.639801,10.9252205,0.2704353332519531,0.3020801544189453,0.2862577438354492,True,True,
pair_0000,01,01,01,01,pair_0000_happy,pair_0000_sad,upper_prompt__upper_spaced,Listen to the speech. Is the speaker HAPPY or SAD? Answer only HAPPY or SAD., HAPPY, SAD,"[86777, 56]","[328, 1808]",2,17,layer_17,post_decoder_block_output,decision_token,-13.668618202209473,-10.467707633972168,-13.693629264831543,-10.721782684326172,-3.2009105682373047,-2.971846580505371,-13.694257,-10.4524,-13.668716,-10.735692,-3.2418566,-2.9330244,0.040946006774902344,0.038822174072265625,0.039884090423583984,True,True,
pair_0001,01,01,02,01,pair_0001_happy,pair_0001_sad,upper_prompt__upper_spaced,Listen to the speech. Is the speaker HAPPY or SAD? Answer only HAPPY or SAD., HAPPY, SAD,"[86777, 56]","[328, 1808]",1,17,layer_17,post_decoder_block_output,decision_token,-19.07402229309082,-30.0374813079834,-19.177860260009766,-29.757797241210938,10.963459014892578,10.579936981201172,-19.126377,-29.903913,-19.128336,-29.890108,10.777536,10.761772,0.18592262268066406,0.18183517456054688,0.18387889862060547,True,True,
pair_0001,01,01,02,01,pair_0001_happy,pair_0001_sad,upper_prompt__upper_spaced,Listen to the speech. Is the speaker HAPPY or SAD? Answer only HAPPY or SAD., HAPPY, SAD,"[86777, 56]","[328, 1808]",2,17,layer_17,post_decoder_block_output,decision_token,-13.732987403869629,-10.442984580993652,-13.699758529663086,-10.540861129760742,-3.2900028228759766,-3.1588973999023438,-13.725258,-10.441806,-13.706484,-10.540834,-3.283452,-3.1656494,-0.006550788879394531,-0.00675201416015625,-0.006651401519775391,False,False,
pair_0002,01,02,01,01,pair_0002_happy,pair_0002_sad,upper_prompt__upper_spaced,Listen to the speech. Is the speaker HAPPY or SAD? Answer only HAPPY or SAD., HAPPY, SAD,"[86777, 56]","[328, 1808]",1,17,layer_17,post_decoder_block_output,decision_token,-19.472591400146484,-31.136863708496094,-19.53383445739746,-31.518583297729492,11.66427230834961,11.984748840332031,-19.477407,-31.413088,-19.5277,-31.239368,11.93568,11.711668,-0.2714080810546875,-0.27308082580566406,-0.2722444534301758,False,False,
pair_0002,01,02,01,01,pair_0002_happy,pair_0002_sad,upper_prompt__upper_spaced,Listen to the speech. Is the speaker HAPPY or SAD? Answer only HAPPY or SAD., HAPPY, SAD,"[86777, 56]","[328, 1808]",2,17,layer_17,post_decoder_block_output,decision_token,-13.668636322021484,-9.909178733825684,-13.659531593322754,-10.049318313598633,-3.759457588195801,-3.610213279724121,-13.671582,-9.907488,-13.657201,-10.052807,-3.7640944,-3.604394,0.0046367645263671875,0.0058193206787109375,0.0052280426025390625,True,True,
pair_0003,01,02,02,01,pair_0003_happy,pair_0003_sad,upper_prompt__upper_spaced,Listen to the speech. Is the speaker HAPPY or SAD? Answer only HAPPY or SAD., HAPPY, SAD,"[86777, 56]","[328, 1808]",1,17,layer_17,post_decoder_block_output,decision_token,-19.66347885131836,-31.04317855834961,-19.652544021606445,-30.97833824157715,11.37969970703125,11.325794219970703,-19.575428,-30.911766,-19.737497,-31.160572,11.336338,11.423075,0.043361663818359375,0.09728050231933594,0.07032108306884766,True,True,
pair_0003,01,02,02,01,pair_0003_happy,pair_0003_sad,upper_prompt__upper_spaced,Listen to the speech. Is the speaker HAPPY or SAD? Answer only HAPPY or SAD., HAPPY, SAD,"[86777, 56]","[328, 1808]",2,17,layer_17,post_decoder_block_output,decision_token,-13.599876403808594,-10.014822006225586,-13.738302230834961,-10.168279647827148,-3.585054397583008,-3.5700225830078125,-13.620007,-10.028843,-13.718292,-10.152487,-3.5911636,-3.5658054,0.0061092376708984375,0.0042171478271484375,0.0051631927490234375,True,True,
pair_0004,02,01,01,01,pair_0004_happy,pair_0004_sad,upper_prompt__upper_spaced,Listen to the speech. Is the speaker HAPPY or SAD? Answer only HAPPY or SAD., HAPPY, SAD,"[86777, 56]","[328, 1808]",1,17,layer_17,post_decoder_block_output,decision_token,-19.12734031677246,-30.11060905456543,-19.325483322143555,-29.790307998657227,10.983268737792969,10.464824676513672,-19.287733,-30.061043,-19.147236,-29.887102,10.77331,10.739866,0.2099590301513672,0.2750415802001953,0.24250030517578125,True,True,
pair_0004,02,01,01,01,pair_0004_happy,pair_0004_sad,upper_prompt__upper_spaced,Listen to the speech. Is the speaker HAPPY or SAD? Answer only HAPPY or SAD., HAPPY, SAD,"[86777, 56]","[328, 1808]",2,17,layer_17,post_decoder_block_output,decision_token,-13.596622467041016,-10.218738555908203,-13.680381774902344,-10.622989654541016,-3.3778839111328125,-3.057392120361328,-13.619775,-10.211287,-13.658194,-10.625611,-3.4084883,-3.0325823,0.03060436248779297,0.024809837341308594,0.02770709991455078,True,True,
pair_0005,02,01,02,01,pair_0005_happy,pair_0005_sad,upper_prompt__upper_spaced,Listen to the speech. Is the speaker HAPPY or SAD? Answer only HAPPY or SAD., HAPPY, SAD,"[86777, 56]","[328, 1808]",1,17,layer_17,post_decoder_block_output,decision_token,-19.200847625732422,-29.897205352783203,-19.139528274536133,-29.813091278076172,10.696357727050781,10.673563003540039,-19.087337,-30.144903,-19.24012,-29.574627,11.057566,10.334507,-0.3612079620361328,-0.33905601501464844,-0.3501319885253906,False,False,
pair_0005,02,01,02,01,pair_0005_happy,pair_0005_sad,upper_prompt__upper_spaced,Listen to the speech. Is the speaker HAPPY or SAD? Answer only HAPPY or SAD., HAPPY, SAD,"[86777, 56]","[328, 1808]",2,17,layer_17,post_decoder_block_output,decision_token,-13.682010650634766,-10.456222534179688,-13.701018333435059,-10.606983184814453,-3.225788116455078,-3.0940351486206055,-13.707056,-10.462944,-13.676003,-10.601013,-3.244112,-3.0749903,0.018323898315429688,0.019044876098632812,0.01868438720703125,True,True,
pair_0006,02,02,01,01,pair_0006_happy,pair_0006_sad,upper_prompt__upper_spaced,Listen to the speech. Is the speaker HAPPY or SAD? Answer only HAPPY or SAD., HAPPY, SAD,"[86777, 56]","[328, 1808]",1,17,layer_17,post_decoder_block_output,decision_token,-19.627517700195312,-30.507896423339844,-19.62606430053711,-30.690168380737305,10.880378723144531,11.064104080200195,-19.624235,-30.708889,-19.62857,-30.470366,11.084654,10.841795,-0.20427513122558594,-0.22230911254882812,-0.21329212188720703,False,False,
pair_0006,02,02,01,01,pair_0006_happy,pair_0006_sad,upper_prompt__upper_spaced,Listen to the speech. Is the speaker HAPPY or SAD? Answer only HAPPY or SAD., HAPPY, SAD,"[86777, 56]","[328, 1808]",2,17,layer_17,post_decoder_block_output,decision_token,-13.699013710021973,-10.099833488464355,-13.644807815551758,-10.082664489746094,-3.599180221557617,-3.562143325805664,-13.7046795,-10.109871,-13.638386,-10.071863,-3.5948086,-3.5665226,-0.00437164306640625,-0.0043792724609375,-0.004375457763671875,False,False,
pair_0007,02,02,02,01,pair_0007_happy,pair_0007_sad,upper_prompt__upper_spaced,Listen to the speech. Is the speaker HAPPY or SAD? Answer only HAPPY or SAD., HAPPY, SAD,"[86777, 56]","[328, 1808]",1,17,layer_17,post_decoder_block_output,decision_token,-19.589366912841797,-30.643306732177734,-19.689207077026367,-31.20589256286621,11.053939819335938,11.516685485839844,-19.669094,-31.270874,-19.610569,-30.554472,11.60178,10.943903,-0.5478401184082031,-0.5727825164794922,-0.5603113174438477,False,False,
pair_0007,02,02,02,01,pair_0007_happy,pair_0007_sad,upper_prompt__upper_spaced,Listen to the speech. Is the speaker HAPPY or SAD? Answer only HAPPY or SAD., HAPPY, SAD,"[86777, 56]","[328, 1808]",2,17,layer_17,post_decoder_block_output,decision_token,-13.67584228515625,-10.17601490020752,-13.62759780883789,-10.114803314208984,-3.4998273849487305,-3.5127944946289062,-13.678837,-10.161532,-13.624511,-10.127149,-3.5173044,-3.4973621,0.017477035522460938,0.015432357788085938,0.016454696655273438,True,True,
pair_0008,03,01,01,01,pair_0008_happy,pair_0008_sad,upper_prompt__upper_spaced,Listen to the speech. Is the speaker HAPPY or SAD? Answer only HAPPY or SAD., HAPPY, SAD,"[86777, 56]","[328, 1808]",1,17,layer_17,post_decoder_block_output,decision_token,-19.42702293395996,-29.7170352935791,-19.154647827148438,-30.014280319213867,10.29001235961914,10.85963249206543,-19.177607,-30.10342,-19.383911,-29.643604,10.925814,10.259693,-0.6358013153076172,-0.5999393463134766,-0.6178703308105469,False,False,
pair_0008,03,01,01,01,pair_0008_happy,pair_0008_sad,upper_prompt__upper_spaced,Listen to the speech. Is the speaker HAPPY or SAD? Answer only HAPPY or SAD., HAPPY, SAD,"[86777, 56]","[328, 1808]",2,17,layer_17,post_decoder_block_output,decision_token,-13.811239242553711,-10.44350814819336,-13.716691970825195,-10.509063720703125,-3.3677310943603516,-3.2076282501220703,-13.778976,-10.46953,-13.747747,-10.479158,-3.3094463,-3.268589,-0.058284759521484375,-0.06096076965332031,-0.059622764587402344,False,False,
pair_0009,03,01,02,01,pair_0009_happy,pair_0009_sad,upper_prompt__upper_spaced,Listen to the speech. Is the speaker HAPPY or SAD? Answer only HAPPY or SAD., HAPPY, SAD,"[86777, 56]","[328, 1808]",1,17,layer_17,post_decoder_block_output,decision_token,-19.118282318115234,-29.827682495117188,-19.180814743041992,-30.112947463989258,10.709400177001953,10.932132720947266,-19.227402,-30.128277,-19.071386,-29.805014,10.900875,10.733627,-0.19147491455078125,-0.19850540161132812,-0.1949901580810547,False,False,
pair_0009,03,01,02,01,pair_0009_happy,pair_0009_sad,upper_prompt__upper_spaced,Listen to the speech. Is the speaker HAPPY or SAD? Answer only HAPPY or SAD., HAPPY, SAD,"[86777, 56]","[328, 1808]",2,17,layer_17,post_decoder_block_output,decision_token,-13.71928596496582,-10.345026969909668,-13.721864700317383,-10.504993438720703,-3.3742589950561523,-3.2168712615966797,-13.73151,-10.351075,-13.709923,-10.499771,-3.380435,-3.2101517,0.006175994873046875,0.0067195892333984375,0.006447792053222656,True,True,
pair_0010,03,02,01,01,pair_0010_happy,pair_0010_sad,upper_prompt__upper_spaced,Listen to the speech. Is the speaker HAPPY or SAD? Answer only HAPPY or SAD., HAPPY, SAD,"[86777, 56]","[328, 1808]",1,17,layer_17,post_decoder_block_output,decision_token,-19.6313533782959,-30.88182830810547,-19.578269958496094,-30.9395694732666,11.25047492980957,11.361299514770508,-19.564644,-31.036322,-19.650997,-30.780666,11.471678,11.129669,-0.22120285034179688,-0.2316303253173828,-0.22641658782958984,False,False,
pair_0010,03,02,01,01,pair_0010_happy,pair_0010_sad,upper_prompt__upper_spaced,Listen to the speech. Is the speaker HAPPY or SAD? Answer only HAPPY or SAD., HAPPY, SAD,"[86777, 56]","[328, 1808]",2,17,layer_17,post_decoder_block_output,decision_token,-13.707137107849121,-10.180642127990723,-13.649555206298828,-10.063980102539062,-3.5264949798583984,-3.5855751037597656,-13.713829,-10.166994,-13.643207,-10.076154,-3.546835,-3.5670528,0.0203399658203125,0.018522262573242188,0.019431114196777344,True,True,
pair_0011,03,02,02,01,pair_0011_happy,pair_0011_sad,upper_prompt__upper_spaced,Listen to the speech. Is the speaker HAPPY or SAD? Answer only HAPPY or SAD., HAPPY, SAD,"[86777, 56]","[328, 1808]",1,17,layer_17,post_decoder_block_output,decision_token,-19.558292388916016,-30.97720718383789,-19.496843338012695,-31.281461715698242,11.418914794921875,11.784618377685547,-19.517809,-31.50943,-19.542143,-30.76412,11.991621,11.221977,-0.5727062225341797,-0.5626411437988281,-0.5676736831665039,False,False,
pair_0011,03,02,02,01,pair_0011_happy,pair_0011_sad,upper_prompt__upper_spaced,Listen to the speech. Is the speaker HAPPY or SAD? Answer only HAPPY or SAD., HAPPY, SAD,"[86777, 56]","[328, 1808]",2,17,layer_17,post_decoder_block_output,decision_token,-13.683303833007812,-10.19591999053955,-13.681233406066895,-10.159494400024414,-3.4873838424682617,-3.5217390060424805,-13.718461,-10.181995,-13.646109,-10.173098,-3.5364656,-3.473011,0.04908180236816406,0.048727989196777344,0.0489048957824707,True,True,
pair_0012,04,01,01,01,pair_0012_happy,pair_0012_sad,upper_prompt__upper_spaced,Listen to the speech. Is the speaker HAPPY or SAD? Answer only HAPPY or SAD., HAPPY, SAD,"[86777, 56]","[328, 1808]",1,17,layer_17,post_decoder_block_output,decision_token,-19.063037872314453,-29.82964515686035,-19.159326553344727,-29.902172088623047,10.766607284545898,10.74284553527832,-19.086166,-29.926704,-19.139843,-29.855223,10.840538,10.71538,-0.07393074035644531,-0.0274658203125,-0.050698280334472656,False,False,
pair_0012,04,01,01,01,pair_0012_happy,pair_0012_sad,upper_prompt__upper_spaced,Listen to the speech. Is the speaker HAPPY or SAD? Answer only HAPPY or SAD., HAPPY, SAD,"[86777, 56]","[328, 1808]",2,17,layer_17,post_decoder_block_output,decision_token,-13.664373397827148,-10.40296745300293,-13.751678466796875,-10.508042335510254,-3.2614059448242188,-3.243636131286621,-13.677057,-10.401039,-13.736978,-10.511024,-3.2760181,-3.225953,0.014612197875976562,0.017683029174804688,0.016147613525390625,True,True,
pair_0013,04,01,02,01,pair_0013_happy,pair_0013_sad,upper_prompt__upper_spaced,Listen to the speech. Is the speaker HAPPY or SAD? Answer only HAPPY or SAD., HAPPY, SAD,"[86777, 56]","[328, 1808]",1,17,layer_17,post_decoder_block_output,decision_token,-19.248916625976562,-29.84681510925293,-19.249549865722656,-29.954227447509766,10.597898483276367,10.70467758178711,-19.295639,-29.89645,-19.203722,-29.912703,10.600811,10.708981,-0.0029125213623046875,0.004302978515625,0.0006952285766601562,False,True,
pair_0013,04,01,02,01,pair_0013_happy,pair_0013_sad,upper_prompt__upper_spaced,Listen to the speech. Is the speaker HAPPY or SAD? Answer only HAPPY or SAD., HAPPY, SAD,"[86777, 56]","[328, 1808]",2,17,layer_17,post_decoder_block_output,decision_token,-13.700850486755371,-10.30609130859375,-13.664071083068848,-10.5137939453125,-3.394759178161621,-3.1502771377563477,-13.666988,-10.319448,-13.698031,-10.499844,-3.34754,-3.1981878,-0.047219276428222656,-0.04791069030761719,-0.04756498336791992,False,False,
pair_0014,04,02,01,01,pair_0014_happy,pair_0014_sad,upper_prompt__upper_spaced,Listen to the speech. Is the speaker HAPPY or SAD? Answer only HAPPY or SAD., HAPPY, SAD,"[86777, 56]","[328, 1808]",1,17,layer_17,post_decoder_block_output,decision_token,-19.542516708374023,-30.458480834960938,-19.34636878967285,-31.05355453491211,10.915964126586914,11.707185745239258,-19.316734,-30.896706,-19.577066,-30.596079,11.579971,11.019012,-0.6640071868896484,-0.6881732940673828,-0.6760902404785156,False,False,
pair_0014,04,02,01,01,pair_0014_happy,pair_0014_sad,upper_prompt__upper_spaced,Listen to the speech. Is the speaker HAPPY or SAD? Answer only HAPPY or SAD., HAPPY, SAD,"[86777, 56]","[328, 1808]",2,17,layer_17,post_decoder_block_output,decision_token,-13.687854766845703,-10.039693832397461,-13.647011756896973,-9.850208282470703,-3.648160934448242,-3.7968034744262695,-13.689609,-10.017336,-13.646016,-9.870389,-3.6722727,-3.7756271,0.02411174774169922,0.02117633819580078,0.02264404296875,True,True,
pair_0015,04,02,02,01,pair_0015_happy,pair_0015_sad,upper_prompt__upper_spaced,Listen to the speech. Is the speaker HAPPY or SAD? Answer only HAPPY or SAD., HAPPY, SAD,"[86777, 56]","[328, 1808]",1,17,layer_17,post_decoder_block_output,decision_token,-19.594221115112305,-30.316932678222656,-19.73418426513672,-30.76753044128418,10.722711563110352,11.033346176147461,-19.640827,-30.717787,-19.683393,-30.366096,11.07696,10.682703,-0.354248046875,-0.3506431579589844,-0.3524456024169922,False,False,
pair_0015,04,02,02,01,pair_0015_happy,pair_0015_sad,upper_prompt__upper_spaced,Listen to the speech. Is the speaker HAPPY or SAD? Answer only HAPPY or SAD., HAPPY, SAD,"[86777, 56]","[328, 1808]",2,17,layer_17,post_decoder_block_output,decision_token,-13.739975929260254,-10.175956726074219,-13.678009033203125,-10.192514419555664,-3.564019203186035,-3.485494613647461,-13.737096,-10.16324,-13.680957,-10.204408,-3.5738554,-3.4765491,0.009836196899414062,0.008945465087890625,0.009390830993652344,True,True,
pair_0016,05,01,01,01,pair_0016_happy,pair_0016_sad,upper_prompt__upper_spaced,Listen to the speech. Is the speaker HAPPY or SAD? Answer only HAPPY or SAD., HAPPY, SAD,"[86777, 56]","[328, 1808]",1,17,layer_17,post_decoder_block_output,decision_token,-19.203521728515625,-29.585399627685547,-19.347688674926758,-30.269102096557617,10.381877899169922,10.92141342163086,-19.337486,-29.857176,-19.20182,-30.015738,10.51969,10.813917,-0.13781166076660156,-0.10749626159667969,-0.12265396118164062,False,False,
pair_0016,05,01,01,01,pair_0016_happy,pair_0016_sad,upper_prompt__upper_spaced,Listen to the speech. Is the speaker HAPPY or SAD? Answer only HAPPY or SAD., HAPPY, SAD,"[86777, 56]","[328, 1808]",2,17,layer_17,post_decoder_block_output,decision_token,-13.689872741699219,-10.459577560424805,-13.628690719604492,-10.406251907348633,-3.230295181274414,-3.2224388122558594,-13.673014,-10.481245,-13.643134,-10.382526,-3.1917686,-3.2606077,-0.03852653503417969,-0.038168907165527344,-0.038347721099853516,False,False,
pair_0017,05,01,02,01,pair_0017_happy,pair_0017_sad,upper_prompt__upper_spaced,Listen to the speech. Is the speaker HAPPY or SAD? Answer only HAPPY or SAD., HAPPY, SAD,"[86777, 56]","[328, 1808]",1,17,layer_17,post_decoder_block_output,decision_token,-19.27762222290039,-30.09341049194336,-19.115493774414062,-29.60315704345703,10.815788269042969,10.487663269042969,-19.215492,-29.688307,-19.184874,-30.0039,10.472815,10.819027,0.3429737091064453,0.3313636779785156,0.33716869354248047,True,True,
pair_0017,05,01,02,01,pair_0017_happy,pair_0017_sad,upper_prompt__upper_spaced,Listen to the speech. Is the speaker HAPPY or SAD? Answer only HAPPY or SAD., HAPPY, SAD,"[86777, 56]","[328, 1808]",2,17,layer_17,post_decoder_block_output,decision_token,-13.781604766845703,-10.574251174926758,-13.654045104980469,-10.585716247558594,-3.2073535919189453,-3.068328857421875,-13.777892,-10.570623,-13.658625,-10.590933,-3.2072687,-3.0676918,-8.487701416015625e-05,0.000637054443359375,0.0002760887145996094,False,True,
pair_0018,05,02,01,01,pair_0018_happy,pair_0018_sad,upper_prompt__upper_spaced,Listen to the speech. Is the speaker HAPPY or SAD? Answer only HAPPY or SAD., HAPPY, SAD,"[86777, 56]","[328, 1808]",1,17,layer_17,post_decoder_block_output,decision_token,-19.567913055419922,-30.894155502319336,-19.4138126373291,-31.229393005371094,11.326242446899414,11.815580368041992,-19.411417,-31.298384,-19.57964,-30.83748,11.886967,11.257841,-0.5607242584228516,-0.5577392578125,-0.5592317581176758,False,False,
pair_0018,05,02,01,01,pair_0018_happy,pair_0018_sad,upper_prompt__upper_spaced,Listen to the speech. Is the speaker HAPPY or SAD? Answer only HAPPY or SAD., HAPPY, SAD,"[86777, 56]","[328, 1808]",2,17,layer_17,post_decoder_block_output,decision_token,-13.747832298278809,-10.140518188476562,-13.664533615112305,-10.28322696685791,-3.607314109802246,-3.3813066482543945,-13.735429,-10.123353,-13.677433,-10.299718,-3.6120758,-3.377715,0.004761695861816406,0.0035915374755859375,0.004176616668701172,True,True,
pair_0019,05,02,02,01,pair_0019_happy,pair_0019_sad,upper_prompt__upper_spaced,Listen to the speech. Is the speaker HAPPY or SAD? Answer only HAPPY or SAD., HAPPY, SAD,"[86777, 56]","[328, 1808]",1,17,layer_17,post_decoder_block_output,decision_token,-19.56353759765625,-30.714632034301758,-19.620054244995117,-30.619495391845703,11.151094436645508,10.999441146850586,-19.575214,-30.719204,-19.587908,-30.605707,11.14399,11.017799,0.0071048736572265625,0.018358230590820312,0.012731552124023438,True,True,
pair_0019,05,02,02,01,pair_0019_happy,pair_0019_sad,upper_prompt__upper_spaced,Listen to the speech. Is the speaker HAPPY or SAD? Answer only HAPPY or SAD., HAPPY, SAD,"[86777, 56]","[328, 1808]",2,17,layer_17,post_decoder_block_output,decision_token,-13.613736152648926,-10.176963806152344,-13.693086624145508,-10.024197578430176,-3.436772346496582,-3.668889045715332,-13.605344,-10.17676,-13.699873,-10.022905,-3.428584,-3.6769676,-0.008188247680664062,-0.008078575134277344,-0.008133411407470703,False,False,
pair_0020,06,01,01,01,pair_0020_happy,pair_0020_sad,upper_prompt__upper_spaced,Listen to the speech. Is the speaker HAPPY or SAD? Answer only HAPPY or SAD., HAPPY, SAD,"[86777, 56]","[328, 1808]",1,17,layer_17,post_decoder_block_output,decision_token,-19.231670379638672,-29.744647979736328,-19.27033233642578,-29.853639602661133,10.512977600097656,10.583307266235352,-19.27192,-29.915398,-19.23013,-29.684654,10.643478,10.454525,-0.13050079345703125,-0.1287822723388672,-0.12964153289794922,False,False,
pair_0020,06,01,01,01,pair_0020_happy,pair_0020_sad,upper_prompt__upper_spaced,Listen to the speech. Is the speaker HAPPY or SAD? Answer only HAPPY or SAD., HAPPY, SAD,"[86777, 56]","[328, 1808]",2,17,layer_17,post_decoder_block_output,decision_token,-13.70492172241211,-10.517678260803223,-13.690788269042969,-10.426706314086914,-3.1872434616088867,-3.2640819549560547,-13.713999,-10.514198,-13.680645,-10.431312,-3.1998005,-3.2493334,0.012557029724121094,0.014748573303222656,0.013652801513671875,True,True,
pair_0021,06,01,02,01,pair_0021_happy,pair_0021_sad,upper_prompt__upper_spaced,Listen to the speech. Is the speaker HAPPY or SAD? Answer only HAPPY or SAD., HAPPY, SAD,"[86777, 56]","[328, 1808]",1,17,layer_17,post_decoder_block_output,decision_token,-19.180561065673828,-29.839807510375977,-19.187440872192383,-30.137062072753906,10.659246444702148,10.949621200561523,-19.206472,-30.013752,-19.168316,-29.96514,10.80728,10.7968235,-0.14803314208984375,-0.15279769897460938,-0.15041542053222656,False,False,
pair_0021,06,01,02,01,pair_0021_happy,pair_0021_sad,upper_prompt__upper_spaced,Listen to the speech. Is the speaker HAPPY or SAD? Answer only HAPPY or SAD., HAPPY, SAD,"[86777, 56]","[328, 1808]",2,17,layer_17,post_decoder_block_output,decision_token,-13.763311386108398,-10.538237571716309,-13.719725608825684,-10.517411231994629,-3.22507381439209,-3.2023143768310547,-13.754899,-10.5141945,-13.728044,-10.542191,-3.2407045,-3.185853,0.015630722045898438,0.01646137237548828,0.01604604721069336,True,True,
pair_0022,06,02,01,01,pair_0022_happy,pair_0022_sad,upper_prompt__upper_spaced,Listen to the speech. Is the speaker HAPPY or SAD? Answer only HAPPY or SAD., HAPPY, SAD,"[86777, 56]","[328, 1808]",1,17,layer_17,post_decoder_block_output,decision_token,-19.799043655395508,-30.966384887695312,-19.46347999572754,-30.94921875,11.167341232299805,11.485738754272461,-19.450718,-31.025246,-19.815222,-30.888842,11.574528,11.07362,-0.40718650817871094,-0.41211891174316406,-0.4096527099609375,False,False,
pair_0022,06,02,01,01,pair_0022_happy,pair_0022_sad,upper_prompt__upper_spaced,Listen to the speech. Is the speaker HAPPY or SAD? Answer only HAPPY or SAD., HAPPY, SAD,"[86777, 56]","[328, 1808]",2,17,layer_17,post_decoder_block_output,decision_token,-13.661470413208008,-10.139159202575684,-13.648798942565918,-9.972356796264648,-3.522311210632324,-3.6764421463012695,-13.680743,-10.14007,-13.629986,-9.970697,-3.5406733,-3.6592884,0.018362045288085938,0.01715373992919922,0.017757892608642578,True,True,
pair_0023,06,02,02,01,pair_0023_happy,pair_0023_sad,upper_prompt__upper_spaced,Listen to the speech. Is the speaker HAPPY or SAD? Answer only HAPPY or SAD., HAPPY, SAD,"[86777, 56]","[328, 1808]",1,17,layer_17,post_decoder_block_output,decision_token,-19.727088928222656,-31.29671287536621,-19.580244064331055,-31.281143188476562,11.569623947143555,11.700899124145508,-19.568825,-31.34129,-19.740358,-31.243519,11.772465,11.50316,-0.20284080505371094,-0.1977386474609375,-0.20028972625732422,False,False,
pair_0023,06,02,02,01,pair_0023_happy,pair_0023_sad,upper_prompt__upper_spaced,Listen to the speech. Is the speaker HAPPY or SAD? Answer only HAPPY or SAD., HAPPY, SAD,"[86777, 56]","[328, 1808]",2,17,layer_17,post_decoder_block_output,decision_token,-13.661134719848633,-10.065292358398438,-13.689208984375,-10.029577255249023,-3.5958423614501953,-3.6596317291259766,-13.675896,-10.07276,-13.674982,-10.022394,-3.603136,-3.652588,0.007293701171875,0.0070438385009765625,0.007168769836425781,True,True,
pair_0024,07,01,01,01,pair_0024_happy,pair_0024_sad,upper_prompt__upper_spaced,Listen to the speech. Is the speaker HAPPY or SAD? Answer only HAPPY or SAD., HAPPY, SAD,"[86777, 56]","[328, 1808]",1,17,layer_17,post_decoder_block_output,decision_token,-19.16484832763672,-30.24891471862793,-19.306053161621094,-30.161773681640625,11.084066390991211,10.855720520019531,-19.142435,-29.97624,-19.31096,-30.41093,10.833805,11.09997,0.2502613067626953,0.2442493438720703,0.2472553253173828,True,True,
pair_0024,07,01,01,01,pair_0024_happy,pair_0024_sad,upper_prompt__upper_spaced,Listen to the speech. Is the speaker HAPPY or SAD? Answer only HAPPY or SAD., HAPPY, SAD,"[86777, 56]","[328, 1808]",2,17,layer_17,post_decoder_block_output,decision_token,-13.658029556274414,-10.282907485961914,-13.695832252502441,-10.378266334533691,-3.3751220703125,-3.31756591796875,-13.627493,-10.276758,-13.724948,-10.377547,-3.3507347,-3.3474007,-0.024387359619140625,-0.029834747314453125,-0.027111053466796875,False,False,
pair_0025,07,01,02,01,pair_0025_happy,pair_0025_sad,upper_prompt__upper_spaced,Listen to the speech. Is the speaker HAPPY or SAD? Answer only HAPPY or SAD., HAPPY, SAD,"[86777, 56]","[328, 1808]",1,17,layer_17,post_decoder_block_output,decision_token,-19.296524047851562,-29.604045867919922,-19.182828903198242,-29.572874069213867,10.30752182006836,10.390045166015625,-19.167385,-29.489716,-19.311377,-29.690895,10.32233,10.3795185,-0.01480865478515625,-0.010526657104492188,-0.012667655944824219,False,False,
pair_0025,07,01,02,01,pair_0025_happy,pair_0025_sad,upper_prompt__upper_spaced,Listen to the speech. Is the speaker HAPPY or SAD? Answer only HAPPY or SAD., HAPPY, SAD,"[86777, 56]","[328, 1808]",2,17,layer_17,post_decoder_block_output,decision_token,-13.67966079711914,-10.332443237304688,-13.698005676269531,-10.532861709594727,-3.347217559814453,-3.1651439666748047,-13.658738,-10.339543,-13.718212,-10.527086,-3.3191948,-3.1911259,-0.02802276611328125,-0.025981903076171875,-0.027002334594726562,False,False,
pair_0026,07,02,01,01,pair_0026_happy,pair_0026_sad,upper_prompt__upper_spaced,Listen to the speech. Is the speaker HAPPY or SAD? Answer only HAPPY or SAD., HAPPY, SAD,"[86777, 56]","[328, 1808]",1,17,layer_17,post_decoder_block_output,decision_token,-19.61467742919922,-30.737966537475586,-19.64963150024414,-31.117761611938477,11.123289108276367,11.468130111694336,-19.62149,-31.28005,-19.642973,-30.59642,11.65856,10.953447,-0.5352706909179688,-0.5146827697753906,-0.5249767303466797,False,False,
pair_0026,07,02,01,01,pair_0026_happy,pair_0026_sad,upper_prompt__upper_spaced,Listen to the speech. Is the speaker HAPPY or SAD? Answer only HAPPY or SAD., HAPPY, SAD,"[86777, 56]","[328, 1808]",2,17,layer_17,post_decoder_block_output,decision_token,-13.60994815826416,-10.115108489990234,-13.624924659729004,-10.090494155883789,-3.494839668273926,-3.534430503845215,-13.627758,-10.113623,-13.607498,-10.08967,-3.5141354,-3.517828,0.019295692443847656,0.016602516174316406,0.01794910430908203,True,True,
pair_0027,07,02,02,01,pair_0027_happy,pair_0027_sad,upper_prompt__upper_spaced,Listen to the speech. Is the speaker HAPPY or SAD? Answer only HAPPY or SAD., HAPPY, SAD,"[86777, 56]","[328, 1808]",1,17,layer_17,post_decoder_block_output,decision_token,-19.61467742919922,-30.737966537475586,-19.46010398864746,-30.61049461364746,11.123289108276367,11.150390625,-19.474798,-30.797195,-19.586002,-30.59974,11.322397,11.013737,-0.19910812377929688,-0.13665390014648438,-0.16788101196289062,False,False,
pair_0027,07,02,02,01,pair_0027_happy,pair_0027_sad,upper_prompt__upper_spaced,Listen to the speech. Is the speaker HAPPY or SAD? Answer only HAPPY or SAD., HAPPY, SAD,"[86777, 56]","[328, 1808]",2,17,layer_17,post_decoder_block_output,decision_token,-13.60994815826416,-10.115108489990234,-13.614143371582031,-10.085132598876953,-3.494839668273926,-3.529010772705078,-13.651258,-10.115319,-13.572863,-10.084351,-3.5359392,-3.488512,0.04109954833984375,0.04049873352050781,0.04079914093017578,True,True,
pair_0028,08,01,01,01,pair_0028_happy,pair_0028_sad,upper_prompt__upper_spaced,Listen to the speech. Is the speaker HAPPY or SAD? Answer only HAPPY or SAD., HAPPY, SAD,"[86777, 56]","[328, 1808]",1,17,layer_17,post_decoder_block_output,decision_token,-19.21111297607422,-30.385866165161133,-19.337305068969727,-29.873414993286133,11.174753189086914,10.536109924316406,-19.485218,-30.070055,-19.056046,-30.21744,10.584837,11.161394,0.5899162292480469,0.6252841949462891,0.607600212097168,True,True,
pair_0028,08,01,01,01,pair_0028_happy,pair_0028_sad,upper_prompt__upper_spaced,Listen to the speech. Is the speaker HAPPY or SAD? Answer only HAPPY or SAD., HAPPY, SAD,"[86777, 56]","[328, 1808]",2,17,layer_17,post_decoder_block_output,decision_token,-13.632410049438477,-10.484660148620605,-13.661446571350098,-10.318676948547363,-3.147749900817871,-3.3427696228027344,-13.64625,-10.475627,-13.648941,-10.3246975,-3.1706228,-3.3242435,0.0228729248046875,0.018526077270507812,0.020699501037597656,True,True,
pair_0029,08,01,02,01,pair_0029_happy,pair_0029_sad,upper_prompt__upper_spaced,Listen to the speech. Is the speaker HAPPY or SAD? Answer only HAPPY or SAD., HAPPY, SAD,"[86777, 56]","[328, 1808]",1,17,layer_17,post_decoder_block_output,decision_token,-19.090290069580078,-29.843124389648438,-18.205841064453125,-29.775604248046875,10.75283432006836,11.56976318359375,-18.27694,-29.87674,-18.996294,-29.769207,11.5998,10.772913,-0.8469657897949219,-0.7968502044677734,-0.8219079971313477,False,False,
pair_0029,08,01,02,01,pair_0029_happy,pair_0029_sad,upper_prompt__upper_spaced,Listen to the speech. Is the speaker HAPPY or SAD? Answer only HAPPY or SAD., HAPPY, SAD,"[86777, 56]","[328, 1808]",2,17,layer_17,post_decoder_block_output,decision_token,-13.723129272460938,-10.6427001953125,-13.607338905334473,-10.971047401428223,-3.0804290771484375,-2.63629150390625,-13.710806,-10.64094,-13.620362,-10.962714,-3.0698662,-2.657648,-0.010562896728515625,-0.021356582641601562,-0.015959739685058594,False,False,
pair_0030,08,02,01,01,pair_0030_happy,pair_0030_sad,upper_prompt__upper_spaced,Listen to the speech. Is the speaker HAPPY or SAD? Answer only HAPPY or SAD., HAPPY, SAD,"[86777, 56]","[328, 1808]",1,17,layer_17,post_decoder_block_output,decision_token,-19.58208656311035,-30.04201889038086,-19.051544189453125,-31.64741325378418,10.459932327270508,12.595869064331055,-19.038187,-31.485987,-19.612993,-30.153181,12.4478,10.540188,-1.9878673553466797,-2.0556812286376953,-2.0217742919921875,False,False,
pair_0030,08,02,01,01,pair_0030_happy,pair_0030_sad,upper_prompt__upper_spaced,Listen to the speech. Is the speaker HAPPY or SAD? Answer only HAPPY or SAD., HAPPY, SAD,"[86777, 56]","[328, 1808]",2,17,layer_17,post_decoder_block_output,decision_token,-13.716389656066895,-10.24145793914795,-13.64765739440918,-10.661131858825684,-3.4749317169189453,-2.986525535583496,-13.672708,-10.238724,-13.689462,-10.642685,-3.4339838,-3.0467768,-0.040947914123535156,-0.06025123596191406,-0.05059957504272461,False,False,
pair_0031,08,02,02,01,pair_0031_happy,pair_0031_sad,upper_prompt__upper_spaced,Listen to the speech. Is the speaker HAPPY or SAD? Answer only HAPPY or SAD., HAPPY, SAD,"[86777, 56]","[328, 1808]",1,17,layer_17,post_decoder_block_output,decision_token,-19.663536071777344,-30.171628952026367,-19.438358306884766,-29.452043533325195,10.508092880249023,10.01368522644043,-19.40267,-29.666578,-19.71298,-29.93318,10.263908,10.2202,0.2441844940185547,0.2065143585205078,0.22534942626953125,True,True,
pair_0031,08,02,02,01,pair_0031_happy,pair_0031_sad,upper_prompt__upper_spaced,Listen to the speech. Is the speaker HAPPY or SAD? Answer only HAPPY or SAD., HAPPY, SAD,"[86777, 56]","[328, 1808]",2,17,layer_17,post_decoder_block_output,decision_token,-13.716283798217773,-10.585205078125,-13.830690383911133,-11.043087005615234,-3.1310787200927734,-2.7876033782958984,-13.710626,-10.606872,-13.821176,-11.01383,-3.103754,-2.8073454,-0.027324676513671875,-0.01974201202392578,-0.023533344268798828,False,False,
pair_0032,09,01,01,01,pair_0032_happy,pair_0032_sad,upper_prompt__upper_spaced,Listen to the speech. Is the speaker HAPPY or SAD? Answer only HAPPY or SAD., HAPPY, SAD,"[86777, 56]","[328, 1808]",1,17,layer_17,post_decoder_block_output,decision_token,-18.978130340576172,-30.18548011779785,-18.803878784179688,-29.471027374267578,11.20734977722168,10.66714859008789,-18.755917,-29.712383,-19.035769,-29.92791,10.956467,10.892141,0.2508831024169922,0.2249927520751953,0.23793792724609375,True,True,
pair_0032,09,01,01,01,pair_0032_happy,pair_0032_sad,upper_prompt__upper_spaced,Listen to the speech. Is the speaker HAPPY or SAD? Answer only HAPPY or SAD., HAPPY, SAD,"[86777, 56]","[328, 1808]",2,17,layer_17,post_decoder_block_output,decision_token,-13.75132942199707,-10.769329071044922,-13.700193405151367,-10.37718391418457,-2.9820003509521484,-3.323009490966797,-13.732329,-10.754362,-13.720459,-10.39542,-2.9779673,-3.325039,-0.004033088684082031,-0.0020294189453125,-0.0030312538146972656,False,False,
pair_0033,09,01,02,01,pair_0033_happy,pair_0033_sad,upper_prompt__upper_spaced,Listen to the speech. Is the speaker HAPPY or SAD? Answer only HAPPY or SAD., HAPPY, SAD,"[86777, 56]","[328, 1808]",1,17,layer_17,post_decoder_block_output,decision_token,-18.65671157836914,-30.16293716430664,-18.506855010986328,-29.776338577270508,11.5062255859375,11.26948356628418,-18.29807,-29.820097,-18.913103,-30.138918,11.522026,11.225815,-0.01580047607421875,-0.04366874694824219,-0.02973461151123047,False,False,
pair_0033,09,01,02,01,pair_0033_happy,pair_0033_sad,upper_prompt__upper_spaced,Listen to the speech. Is the speaker HAPPY or SAD? Answer only HAPPY or SAD., HAPPY, SAD,"[86777, 56]","[328, 1808]",2,17,layer_17,post_decoder_block_output,decision_token,-13.76148796081543,-11.268790245056152,-13.800262451171875,-10.933004379272461,-2.4926977157592773,-2.867258071899414,-13.742182,-11.249393,-13.813435,-10.961318,-2.4927883,-2.8521166,9.059906005859375e-05,0.015141487121582031,0.0076160430908203125,True,True,
pair_0034,09,02,01,01,pair_0034_happy,pair_0034_sad,upper_prompt__upper_spaced,Listen to the speech. Is the speaker HAPPY or SAD? Answer only HAPPY or SAD., HAPPY, SAD,"[86777, 56]","[328, 1808]",1,17,layer_17,post_decoder_block_output,decision_token,-19.135658264160156,-30.30453872680664,-19.11617088317871,-31.186275482177734,11.168880462646484,12.070104598999023,-19.034517,-31.05023,-19.215973,-30.397827,12.015713,11.181854,-0.846832275390625,-0.8882503509521484,-0.8675413131713867,False,False,
pair_0034,09,02,01,01,pair_0034_happy,pair_0034_sad,upper_prompt__upper_spaced,Listen to the speech. Is the speaker HAPPY or SAD? Answer only HAPPY or SAD., HAPPY, SAD,"[86777, 56]","[328, 1808]",2,17,layer_17,post_decoder_block_output,decision_token,-13.70888614654541,-10.056984901428223,-13.684521675109863,-9.953656196594238,-3.6519012451171875,-3.730865478515625,-13.710772,-10.074634,-13.682667,-9.935492,-3.636138,-3.7471752,-0.015763282775878906,-0.016309738159179688,-0.016036510467529297,False,False,
pair_0035,09,02,02,01,pair_0035_happy,pair_0035_sad,upper_prompt__upper_spaced,Listen to the speech. Is the speaker HAPPY or SAD? Answer only HAPPY or SAD., HAPPY, SAD,"[86777, 56]","[328, 1808]",1,17,layer_17,post_decoder_block_output,decision_token,-19.416297912597656,-31.158599853515625,-19.370147705078125,-31.450939178466797,11.742301940917969,12.080791473388672,-19.320337,-31.479063,-19.458107,-31.074104,12.158726,11.615997,-0.4164237976074219,-0.4647941589355469,-0.4406089782714844,False,False,
pair_0035,09,02,02,01,pair_0035_happy,pair_0035_sad,upper_prompt__upper_spaced,Listen to the speech. Is the speaker HAPPY or SAD? Answer only HAPPY or SAD., HAPPY, SAD,"[86777, 56]","[328, 1808]",2,17,layer_17,post_decoder_block_output,decision_token,-13.727614402770996,-10.293344497680664,-13.67684268951416,-10.3550443649292,-3.434269905090332,-3.321798324584961,-13.690086,-10.291573,-13.71141,-10.352161,-3.3985138,-3.3592482,-0.03575611114501953,-0.03744983673095703,-0.03660297393798828,False,False,
pair_0036,10,01,01,01,pair_0036_happy,pair_0036_sad,upper_prompt__upper_spaced,Listen to the speech. Is the speaker HAPPY or SAD? Answer only HAPPY or SAD., HAPPY, SAD,"[86777, 56]","[328, 1808]",1,17,layer_17,post_decoder_block_output,decision_token,-19.279512405395508,-30.023704528808594,-19.180742263793945,-29.49976348876953,10.744192123413086,10.319021224975586,-19.196821,-29.425484,-19.23795,-30.111794,10.2286625,10.873844,0.5155296325683594,0.5548229217529297,0.5351762771606445,True,True,
pair_0036,10,01,01,01,pair_0036_happy,pair_0036_sad,upper_prompt__upper_spaced,Listen to the speech. Is the speaker HAPPY or SAD? Answer only HAPPY or SAD., HAPPY, SAD,"[86777, 56]","[328, 1808]",2,17,layer_17,post_decoder_block_output,decision_token,-13.728192329406738,-10.50468635559082,-13.734277725219727,-10.369283676147461,-3.223505973815918,-3.3649940490722656,-13.707728,-10.520443,-13.754436,-10.350395,-3.1872854,-3.4040403,-0.036220550537109375,-0.039046287536621094,-0.037633419036865234,False,False,
pair_0037,10,01,02,01,pair_0037_happy,pair_0037_sad,upper_prompt__upper_spaced,Listen to the speech. Is the speaker HAPPY or SAD? Answer only HAPPY or SAD., HAPPY, SAD,"[86777, 56]","[328, 1808]",1,17,layer_17,post_decoder_block_output,decision_token,-19.131465911865234,-29.893722534179688,-19.412919998168945,-30.119937896728516,10.762256622314453,10.70701789855957,-19.337084,-29.91314,-19.211798,-30.120798,10.576056,10.909,0.1862010955810547,0.2019824981689453,0.194091796875,True,True,
pair_0037,10,01,02,01,pair_0037_happy,pair_0037_sad,upper_prompt__upper_spaced,Listen to the speech. Is the speaker HAPPY or SAD? Answer only HAPPY or SAD., HAPPY, SAD,"[86777, 56]","[328, 1808]",2,17,layer_17,post_decoder_block_output,decision_token,-13.765030860900879,-10.503974914550781,-13.782495498657227,-10.239312171936035,-3.2610559463500977,-3.5431833267211914,-13.753404,-10.488426,-13.795565,-10.252516,-3.2649775,-3.5430489,0.0039215087890625,0.00013446807861328125,0.0020279884338378906,True,True,
pair_0038,10,02,01,01,pair_0038_happy,pair_0038_sad,upper_prompt__upper_spaced,Listen to the speech. Is the speaker HAPPY or SAD? Answer only HAPPY or SAD., HAPPY, SAD,"[86777, 56]","[328, 1808]",1,17,layer_17,post_decoder_block_output,decision_token,-19.53084945678711,-31.807504653930664,-19.67746353149414,-30.555007934570312,12.276655197143555,10.877544403076172,-19.859978,-30.602905,-19.427103,-31.51253,10.742928,12.085426,1.5337276458740234,1.2078819274902344,1.370804786682129,True,True,
pair_0038,10,02,01,01,pair_0038_happy,pair_0038_sad,upper_prompt__upper_spaced,Listen to the speech. Is the speaker HAPPY or SAD? Answer only HAPPY or SAD., HAPPY, SAD,"[86777, 56]","[328, 1808]",2,17,layer_17,post_decoder_block_output,decision_token,-13.732545852661133,-10.922740936279297,-13.886988639831543,-10.439674377441406,-2.809804916381836,-3.4473142623901367,-13.799173,-10.972255,-13.814764,-10.387014,-2.8269186,-3.4277496,0.017113685607910156,0.01956462860107422,0.018339157104492188,True,True,
pair_0039,10,02,02,01,pair_0039_happy,pair_0039_sad,upper_prompt__upper_spaced,Listen to the speech. Is the speaker HAPPY or SAD? Answer only HAPPY or SAD., HAPPY, SAD,"[86777, 56]","[328, 1808]",1,17,layer_17,post_decoder_block_output,decision_token,-19.474233627319336,-30.626453399658203,-19.587295532226562,-30.976850509643555,11.152219772338867,11.389554977416992,-19.55536,-31.176983,-19.493635,-30.373716,11.621622,10.880081,-0.4694023132324219,-0.5094738006591797,-0.4894380569458008,False,False,
pair_0039,10,02,02,01,pair_0039_happy,pair_0039_sad,upper_prompt__upper_spaced,Listen to the speech. Is the speaker HAPPY or SAD? Answer only HAPPY or SAD., HAPPY, SAD,"[86777, 56]","[328, 1808]",2,17,layer_17,post_decoder_block_output,decision_token,-13.767474174499512,-10.28225040435791,-13.56567096710205,-9.911605834960938,-3.4852237701416016,-3.6540651321411133,-13.763165,-10.255461,-13.571275,-9.940994,-3.5077047,-3.6302805,0.02248096466064453,0.023784637451171875,0.023132801055908203,True,True,
pair_0040,11,01,01,01,pair_0040_happy,pair_0040_sad,upper_prompt__upper_spaced,Listen to the speech. Is the speaker HAPPY or SAD? Answer only HAPPY or SAD., HAPPY, SAD,"[86777, 56]","[328, 1808]",1,17,layer_17,post_decoder_block_output,decision_token,-19.42551612854004,-30.16042137145996,-18.85866928100586,-29.991865158081055,10.734905242919922,11.133195877075195,-18.956099,-30.180351,-19.33621,-30.019388,11.224253,10.683178,-0.4893474578857422,-0.45001792907714844,-0.4696826934814453,False,False,
pair_0040,11,01,01,01,pair_0040_happy,pair_0040_sad,upper_prompt__upper_spaced,Listen to the speech. Is the speaker HAPPY or SAD? Answer only HAPPY or SAD., HAPPY, SAD,"[86777, 56]","[328, 1808]",2,17,layer_17,post_decoder_block_output,decision_token,-13.719244003295898,-10.349581718444824,-13.77297306060791,-10.662883758544922,-3.369662284851074,-3.1100893020629883,-13.704818,-10.365444,-13.788245,-10.644136,-3.3393736,-3.1441088,-0.0302886962890625,-0.03401947021484375,-0.032154083251953125,False,False,
pair_0041,11,01,02,01,pair_0041_happy,pair_0041_sad,upper_prompt__upper_spaced,Listen to the speech. Is the speaker HAPPY or SAD? Answer only HAPPY or SAD., HAPPY, SAD,"[86777, 56]","[328, 1808]",1,17,layer_17,post_decoder_block_output,decision_token,-19.207796096801758,-30.02880096435547,-19.102380752563477,-29.419118881225586,10.821004867553711,10.31673812866211,-19.111834,-29.559433,-19.20444,-29.871319,10.447599,10.66688,0.37340545654296875,0.3501415252685547,0.3617734909057617,True,True,
pair_0041,11,01,02,01,pair_0041_happy,pair_0041_sad,upper_prompt__upper_spaced,Listen to the speech. Is the speaker HAPPY or SAD? Answer only HAPPY or SAD., HAPPY, SAD,"[86777, 56]","[328, 1808]",2,17,layer_17,post_decoder_block_output,decision_token,-13.729172706604004,-10.615081787109375,-13.730997085571289,-10.513571739196777,-3.114090919494629,-3.2174253463745117,-13.733701,-10.599723,-13.724436,-10.529368,-3.133978,-3.1950674,0.01988697052001953,0.022357940673828125,0.021122455596923828,True,True,
pair_0042,11,02,01,01,pair_0042_happy,pair_0042_sad,upper_prompt__upper_spaced,Listen to the speech. Is the speaker HAPPY or SAD? Answer only HAPPY or SAD., HAPPY, SAD,"[86777, 56]","[328, 1808]",1,17,layer_17,post_decoder_block_output,decision_token,-19.429569244384766,-31.12329864501953,-19.549606323242188,-31.08497428894043,11.693729400634766,11.535367965698242,-19.531445,-31.04562,-19.44301,-31.176865,11.514175,11.733854,0.17955398559570312,0.198486328125,0.18902015686035156,True,True,
pair_0042,11,02,01,01,pair_0042_happy,pair_0042_sad,upper_prompt__upper_spaced,Listen to the speech. Is the speaker HAPPY or SAD? Answer only HAPPY or SAD., HAPPY, SAD,"[86777, 56]","[328, 1808]",2,17,layer_17,post_decoder_block_output,decision_token,-13.651758193969727,-10.165948867797852,-13.6766357421875,-9.993066787719727,-3.485809326171875,-3.6835689544677734,-13.6467705,-10.165171,-13.681967,-9.994219,-3.4815998,-3.687748,-0.0042095184326171875,-0.0041790008544921875,-0.0041942596435546875,False,False,
pair_0043,11,02,02,01,pair_0043_happy,pair_0043_sad,upper_prompt__upper_spaced,Listen to the speech. Is the speaker HAPPY or SAD? Answer only HAPPY or SAD., HAPPY, SAD,"[86777, 56]","[328, 1808]",1,17,layer_17,post_decoder_block_output,decision_token,-19.482189178466797,-30.764530181884766,-19.76490020751953,-30.444087982177734,11.282341003417969,10.679187774658203,-19.767223,-30.497122,-19.466995,-30.733503,10.729898,11.266508,0.5524425506591797,0.5873203277587891,0.5698814392089844,True,True,
pair_0043,11,02,02,01,pair_0043_happy,pair_0043_sad,upper_prompt__upper_spaced,Listen to the speech. Is the speaker HAPPY or SAD? Answer only HAPPY or SAD., HAPPY, SAD,"[86777, 56]","[328, 1808]",2,17,layer_17,post_decoder_block_output,decision_token,-13.692138671875,-10.224973678588867,-13.67702865600586,-10.097383499145508,-3.467164993286133,-3.5796451568603516,-13.719412,-10.212458,-13.650526,-10.108093,-3.5069542,-3.5424328,0.03978919982910156,0.037212371826171875,0.03850078582763672,True,True,
pair_0044,12,01,01,01,pair_0044_happy,pair_0044_sad,upper_prompt__upper_spaced,Listen to the speech. Is the speaker HAPPY or SAD? Answer only HAPPY or SAD., HAPPY, SAD,"[86777, 56]","[328, 1808]",1,17,layer_17,post_decoder_block_output,decision_token,-19.149900436401367,-29.845422744750977,-19.137033462524414,-29.6346378326416,10.69552230834961,10.497604370117188,-19.067968,-29.753103,-19.214418,-29.733646,10.685135,10.519228,0.010387420654296875,0.021623611450195312,0.016005516052246094,True,True,
pair_0044,12,01,01,01,pair_0044_happy,pair_0044_sad,upper_prompt__upper_spaced,Listen to the speech. Is the speaker HAPPY or SAD? Answer only HAPPY or SAD., HAPPY, SAD,"[86777, 56]","[328, 1808]",2,17,layer_17,post_decoder_block_output,decision_token,-13.664939880371094,-10.4072904586792,-13.670175552368164,-10.486151695251465,-3.2576494216918945,-3.184023857116699,-13.679659,-10.417221,-13.6556835,-10.477312,-3.2624378,-3.1783714,0.004788398742675781,0.005652427673339844,0.0052204132080078125,True,True,
pair_0045,12,01,02,01,pair_0045_happy,pair_0045_sad,upper_prompt__upper_spaced,Listen to the speech. Is the speaker HAPPY or SAD? Answer only HAPPY or SAD., HAPPY, SAD,"[86777, 56]","[328, 1808]",1,17,layer_17,post_decoder_block_output,decision_token,-19.122577667236328,-29.79676055908203,-19.25834846496582,-30.126434326171875,10.674182891845703,10.868085861206055,-19.199049,-30.00927,-19.183704,-29.89849,10.810221,10.714787,-0.13603782653808594,-0.15329933166503906,-0.1446685791015625,False,False,
pair_0045,12,01,02,01,pair_0045_happy,pair_0045_sad,upper_prompt__upper_spaced,Listen to the speech. Is the speaker HAPPY or SAD? Answer only HAPPY or SAD., HAPPY, SAD,"[86777, 56]","[328, 1808]",2,17,layer_17,post_decoder_block_output,decision_token,-13.681994438171387,-10.443537712097168,-13.686402320861816,-10.420818328857422,-3.2384567260742188,-3.2655839920043945,-13.675656,-10.454223,-13.692971,-10.412183,-3.2214336,-3.2807884,-0.017023086547851562,-0.015204429626464844,-0.016113758087158203,False,False,
pair_0046,12,02,01,01,pair_0046_happy,pair_0046_sad,upper_prompt__upper_spaced,Listen to the speech. Is the speaker HAPPY or SAD? Answer only HAPPY or SAD., HAPPY, SAD,"[86777, 56]","[328, 1808]",1,17,layer_17,post_decoder_block_output,decision_token,-19.63589859008789,-31.021265029907227,-19.638139724731445,-31.13495445251465,11.385366439819336,11.496814727783203,-19.68556,-31.221594,-19.588726,-30.911785,11.536034,11.323059,-0.1506671905517578,-0.17375564575195312,-0.16221141815185547,False,False,
pair_0046,12,02,01,01,pair_0046_happy,pair_0046_sad,upper_prompt__upper_spaced,Listen to the speech. Is the speaker HAPPY or SAD? Answer only HAPPY or SAD., HAPPY, SAD,"[86777, 56]","[328, 1808]",2,17,layer_17,post_decoder_block_output,decision_token,-13.703890800476074,-10.237945556640625,-13.687865257263184,-10.108722686767578,-3.465945243835449,-3.5791425704956055,-13.7022505,-10.23028,-13.6885395,-10.11572,-3.4719706,-3.5728197,0.0060253143310546875,0.0063228607177734375,0.0061740875244140625,True,True,
pair_0047,12,02,02,01,pair_0047_happy,pair_0047_sad,upper_prompt__upper_spaced,Listen to the speech. Is the speaker HAPPY or SAD? Answer only HAPPY or SAD., HAPPY, SAD,"[86777, 56]","[328, 1808]",1,17,layer_17,post_decoder_block_output,decision_token,-19.601417541503906,-31.29913330078125,-19.541385650634766,-31.21898651123047,11.697715759277344,11.677600860595703,-19.631847,-31.558863,-19.507597,-30.971113,11.927015,11.463516,-0.22929954528808594,-0.21408462524414062,-0.22169208526611328,False,False,
pair_0047,12,02,02,01,pair_0047_happy,pair_0047_sad,upper_prompt__upper_spaced,Listen to the speech. Is the speaker HAPPY or SAD? Answer only HAPPY or SAD., HAPPY, SAD,"[86777, 56]","[328, 1808]",2,17,layer_17,post_decoder_block_output,decision_token,-13.662503242492676,-10.16076946258545,-13.621797561645508,-10.099035263061523,-3.5017337799072266,-3.5227622985839844,-13.663046,-10.161011,-13.622099,-10.095749,-3.5020351,-3.52635,0.000301361083984375,-0.0035877227783203125,-0.0016431808471679688,True,False,
pair_0048,13,01,01,01,pair_0048_happy,pair_0048_sad,upper_prompt__upper_spaced,Listen to the speech. Is the speaker HAPPY or SAD? Answer only HAPPY or SAD., HAPPY, SAD,"[86777, 56]","[328, 1808]",1,17,layer_17,post_decoder_block_output,decision_token,-19.455339431762695,-30.151683807373047,-19.141780853271484,-30.104930877685547,10.696344375610352,10.963150024414062,-19.195543,-30.26442,-19.392294,-29.97471,11.068876,10.582417,-0.3725318908691406,-0.3807334899902344,-0.3766326904296875,False,False,
pair_0048,13,01,01,01,pair_0048_happy,pair_0048_sad,upper_prompt__upper_spaced,Listen to the speech. Is the speaker HAPPY or SAD? Answer only HAPPY or SAD., HAPPY, SAD,"[86777, 56]","[328, 1808]",2,17,layer_17,post_decoder_block_output,decision_token,-13.705753326416016,-10.422919273376465,-13.742805480957031,-10.583332061767578,-3.282834053039551,-3.159473419189453,-13.703411,-10.425699,-13.744307,-10.580915,-3.2777119,-3.163391,-0.005122184753417969,-0.003917694091796875,-0.004519939422607422,False,False,
pair_0049,13,01,02,01,pair_0049_happy,pair_0049_sad,upper_prompt__upper_spaced,Listen to the speech. Is the speaker HAPPY or SAD? Answer only HAPPY or SAD., HAPPY, SAD,"[86777, 56]","[328, 1808]",1,17,layer_17,post_decoder_block_output,decision_token,-19.384506225585938,-30.02733039855957,-19.188283920288086,-30.261062622070312,10.642824172973633,11.072778701782227,-19.261436,-30.090471,-19.309507,-30.189388,10.829035,10.879881,-0.18621063232421875,-0.19289779663085938,-0.18955421447753906,False,False,
pair_0049,13,01,02,01,pair_0049_happy,pair_0049_sad,upper_prompt__upper_spaced,Listen to the speech. Is the speaker HAPPY or SAD? Answer only HAPPY or SAD., HAPPY, SAD,"[86777, 56]","[328, 1808]",2,17,layer_17,post_decoder_block_output,decision_token,-13.666232109069824,-10.352048873901367,-13.718796730041504,-10.512394905090332,-3.314183235168457,-3.206401824951172,-13.646721,-10.331663,-13.737605,-10.526372,-3.3150578,-3.2112331,0.0008745193481445312,-0.0048313140869140625,-0.0019783973693847656,True,False,
pair_0050,13,02,01,01,pair_0050_happy,pair_0050_sad,upper_prompt__upper_spaced,Listen to the speech. Is the speaker HAPPY or SAD? Answer only HAPPY or SAD., HAPPY, SAD,"[86777, 56]","[328, 1808]",1,17,layer_17,post_decoder_block_output,decision_token,-19.824094772338867,-30.998512268066406,-19.506759643554688,-30.554519653320312,11.174417495727539,11.047760009765625,-19.479654,-30.814903,-19.85369,-30.74236,11.335249,10.88867,-0.16083145141601562,-0.1590900421142578,-0.15996074676513672,False,False,
pair_0050,13,02,01,01,pair_0050_happy,pair_0050_sad,upper_prompt__upper_spaced,Listen to the speech. Is the speaker HAPPY or SAD? Answer only HAPPY or SAD., HAPPY, SAD,"[86777, 56]","[328, 1808]",2,17,layer_17,post_decoder_block_output,decision_token,-13.745150566101074,-10.594856262207031,-13.704760551452637,-10.16788101196289,-3.150294303894043,-3.536879539489746,-13.723087,-10.58469,-13.723097,-10.176351,-3.1383972,-3.5467463,-0.011897087097167969,-0.009866714477539062,-0.010881900787353516,False,False,
pair_0051,13,02,02,01,pair_0051_happy,pair_0051_sad,upper_prompt__upper_spaced,Listen to the speech. Is the speaker HAPPY or SAD? Answer only HAPPY or SAD., HAPPY, SAD,"[86777, 56]","[328, 1808]",1,17,layer_17,post_decoder_block_output,decision_token,-19.32207489013672,-31.22012710571289,-19.418973922729492,-31.018451690673828,11.898052215576172,11.599477767944336,-19.294582,-31.036335,-19.436724,-31.225544,11.741753,11.78882,0.15629959106445312,0.18934249877929688,0.172821044921875,True,True,
pair_0051,13,02,02,01,pair_0051_happy,pair_0051_sad,upper_prompt__upper_spaced,Listen to the speech. Is the speaker HAPPY or SAD? Answer only HAPPY or SAD., HAPPY, SAD,"[86777, 56]","[328, 1808]",2,17,layer_17,post_decoder_block_output,decision_token,-13.660614967346191,-10.235509872436523,-13.688146591186523,-10.062923431396484,-3.425105094909668,-3.625223159790039,-13.666845,-10.231386,-13.682091,-10.066532,-3.4354591,-3.6155586,0.010354042053222656,0.009664535522460938,0.010009288787841797,True,True,
pair_0052,14,01,01,01,pair_0052_happy,pair_0052_sad,upper_prompt__upper_spaced,Listen to the speech. Is the speaker HAPPY or SAD? Answer only HAPPY or SAD., HAPPY, SAD,"[86777, 56]","[328, 1808]",1,17,layer_17,post_decoder_block_output,decision_token,-19.409080505371094,-30.144493103027344,-18.934131622314453,-29.557117462158203,10.73541259765625,10.62298583984375,-19.104847,-29.86266,-19.242825,-29.843716,10.7578125,10.600891,-0.02239990234375,-0.0220947265625,-0.022247314453125,False,False,
pair_0052,14,01,01,01,pair_0052_happy,pair_0052_sad,upper_prompt__upper_spaced,Listen to the speech. Is the speaker HAPPY or SAD? Answer only HAPPY or SAD., HAPPY, SAD,"[86777, 56]","[328, 1808]",2,17,layer_17,post_decoder_block_output,decision_token,-13.65263843536377,-10.419963836669922,-13.721405029296875,-10.406702995300293,-3.2326745986938477,-3.314702033996582,-13.633132,-10.40934,-13.742949,-10.414694,-3.223792,-3.3282547,-0.008882522583007812,-0.013552665710449219,-0.011217594146728516,False,False,
pair_0053,14,01,02,01,pair_0053_happy,pair_0053_sad,upper_prompt__upper_spaced,Listen to the speech. Is the speaker HAPPY or SAD? Answer only HAPPY or SAD., HAPPY, SAD,"[86777, 56]","[328, 1808]",1,17,layer_17,post_decoder_block_output,decision_token,-19.20846176147461,-29.917661666870117,-19.16219139099121,-29.64670181274414,10.709199905395508,10.48451042175293,-19.206247,-29.729876,-19.158638,-29.838861,10.523628,10.680223,0.18557167053222656,0.19571304321289062,0.1906423568725586,True,True,
pair_0053,14,01,02,01,pair_0053_happy,pair_0053_sad,upper_prompt__upper_spaced,Listen to the speech. Is the speaker HAPPY or SAD? Answer only HAPPY or SAD., HAPPY, SAD,"[86777, 56]","[328, 1808]",2,17,layer_17,post_decoder_block_output,decision_token,-13.708637237548828,-10.63529109954834,-13.683685302734375,-10.375083923339844,-3.0733461380004883,-3.3086013793945312,-13.676422,-10.645418,-13.71465,-10.363543,-3.031004,-3.3511076,-0.042342185974121094,-0.04250621795654297,-0.04242420196533203,False,False,
pair_0054,14,02,01,01,pair_0054_happy,pair_0054_sad,upper_prompt__upper_spaced,Listen to the speech. Is the speaker HAPPY or SAD? Answer only HAPPY or SAD., HAPPY, SAD,"[86777, 56]","[328, 1808]",1,17,layer_17,post_decoder_block_output,decision_token,-19.49510383605957,-30.50044059753418,-19.744279861450195,-31.427982330322266,11.00533676147461,11.68370246887207,-19.65171,-31.412899,-19.597286,-30.531836,11.7611885,10.934549,-0.7558517456054688,-0.7491531372070312,-0.75250244140625,False,False,
pair_0054,14,02,01,01,pair_0054_happy,pair_0054_sad,upper_prompt__upper_spaced,Listen to the speech. Is the speaker HAPPY or SAD? Answer only HAPPY or SAD., HAPPY, SAD,"[86777, 56]","[328, 1808]",2,17,layer_17,post_decoder_block_output,decision_token,-13.72091293334961,-10.397808074951172,-13.775001525878906,-10.247138023376465,-3.3231048583984375,-3.5278635025024414,-13.746489,-10.385082,-13.747122,-10.260622,-3.3614063,-3.4864998,0.03830146789550781,0.04136371612548828,0.03983259201049805,True,True,
pair_0055,14,02,02,01,pair_0055_happy,pair_0055_sad,upper_prompt__upper_spaced,Listen to the speech. Is the speaker HAPPY or SAD? Answer only HAPPY or SAD., HAPPY, SAD,"[86777, 56]","[328, 1808]",1,17,layer_17,post_decoder_block_output,decision_token,-19.504497528076172,-31.040151596069336,-19.579736709594727,-30.92441177368164,11.535654067993164,11.344675064086914,-19.548717,-31.010944,-19.53653,-30.945757,11.462227,11.409227,0.07342720031738281,0.06455230712890625,0.06898975372314453,True,True,
pair_0055,14,02,02,01,pair_0055_happy,pair_0055_sad,upper_prompt__upper_spaced,Listen to the speech. Is the speaker HAPPY or SAD? Answer only HAPPY or SAD., HAPPY, SAD,"[86777, 56]","[328, 1808]",2,17,layer_17,post_decoder_block_output,decision_token,-13.668704986572266,-10.040215492248535,-13.668413162231445,-9.995223999023438,-3.6284894943237305,-3.673189163208008,-13.675965,-10.025955,-13.66065,-10.008901,-3.65001,-3.6517496,0.021520614624023438,0.021439552307128906,0.021480083465576172,True,True,
pair_0056,15,01,01,01,pair_0056_happy,pair_0056_sad,upper_prompt__upper_spaced,Listen to the speech. Is the speaker HAPPY or SAD? Answer only HAPPY or SAD., HAPPY, SAD,"[86777, 56]","[328, 1808]",1,17,layer_17,post_decoder_block_output,decision_token,-19.38162612915039,-30.227792739868164,-19.827770233154297,-30.759218215942383,10.846166610717773,10.931447982788086,-19.724718,-30.49606,-19.444511,-30.46538,10.771341,11.020868,0.07482528686523438,0.08942031860351562,0.082122802734375,True,True,
pair_0056,15,01,01,01,pair_0056_happy,pair_0056_sad,upper_prompt__upper_spaced,Listen to the speech. Is the speaker HAPPY or SAD? Answer only HAPPY or SAD., HAPPY, SAD,"[86777, 56]","[328, 1808]",2,17,layer_17,post_decoder_block_output,decision_token,-13.655787467956543,-10.497527122497559,-13.621381759643555,-10.436492919921875,-3.1582603454589844,-3.1848888397216797,-13.653905,-10.484096,-13.619681,-10.452547,-3.1698093,-3.1671343,0.011548995971679688,0.017754554748535156,0.014651775360107422,True,True,
pair_0057,15,01,02,01,pair_0057_happy,pair_0057_sad,upper_prompt__upper_spaced,Listen to the speech. Is the speaker HAPPY or SAD? Answer only HAPPY or SAD., HAPPY, SAD,"[86777, 56]","[328, 1808]",1,17,layer_17,post_decoder_block_output,decision_token,-19.312278747558594,-30.117847442626953,-19.32931900024414,-30.217681884765625,10.80556869506836,10.888362884521484,-19.412966,-30.118471,-19.231041,-30.220053,10.705505,10.989012,0.10006332397460938,0.10064888000488281,0.1003561019897461,True,True,
pair_0057,15,01,02,01,pair_0057_happy,pair_0057_sad,upper_prompt__upper_spaced,Listen to the speech. Is the speaker HAPPY or SAD? Answer only HAPPY or SAD., HAPPY, SAD,"[86777, 56]","[328, 1808]",2,17,layer_17,post_decoder_block_output,decision_token,-13.643943786621094,-10.470891952514648,-13.676634788513184,-10.388185501098633,-3.1730518341064453,-3.288449287414551,-13.6604,-10.459493,-13.660294,-10.400515,-3.2009077,-3.259779,0.027855873107910156,0.028670310974121094,0.028263092041015625,True,True,
pair_0058,15,02,01,01,pair_0058_happy,pair_0058_sad,upper_prompt__upper_spaced,Listen to the speech. Is the speaker HAPPY or SAD? Answer only HAPPY or SAD., HAPPY, SAD,"[86777, 56]","[328, 1808]",1,17,layer_17,post_decoder_block_output,decision_token,-19.583877563476562,-30.473743438720703,-19.486408233642578,-30.78449058532715,10.88986587524414,11.29808235168457,-19.488983,-30.564884,-19.582636,-30.6865,11.075901,11.103865,-0.18603515625,-0.19421768188476562,-0.1901264190673828,False,False,
pair_0058,15,02,01,01,pair_0058_happy,pair_0058_sad,upper_prompt__upper_spaced,Listen to the speech. Is the speaker HAPPY or SAD? Answer only HAPPY or SAD., HAPPY, SAD,"[86777, 56]","[328, 1808]",2,17,layer_17,post_decoder_block_output,decision_token,-13.663627624511719,-10.130781173706055,-13.7315092086792,-10.315628051757812,-3.532846450805664,-3.4158811569213867,-13.682039,-10.132778,-13.712744,-10.313151,-3.549261,-3.3995924,0.016414642333984375,0.01628875732421875,0.016351699829101562,True,True,
pair_0059,15,02,02,01,pair_0059_happy,pair_0059_sad,upper_prompt__upper_spaced,Listen to the speech. Is the speaker HAPPY or SAD? Answer only HAPPY or SAD., HAPPY, SAD,"[86777, 56]","[328, 1808]",1,17,layer_17,post_decoder_block_output,decision_token,-19.690473556518555,-31.231426239013672,-19.434064865112305,-31.38088607788086,11.540952682495117,11.946821212768555,-19.281603,-31.489319,-19.779896,-31.168148,12.207716,11.388252,-0.6667633056640625,-0.5585689544677734,-0.612666130065918,False,False,
pair_0059,15,02,02,01,pair_0059_happy,pair_0059_sad,upper_prompt__upper_spaced,Listen to the speech. Is the speaker HAPPY or SAD? Answer only HAPPY or SAD., HAPPY, SAD,"[86777, 56]","[328, 1808]",2,17,layer_17,post_decoder_block_output,decision_token,-13.67424201965332,-10.260083198547363,-13.68175983428955,-10.477561950683594,-3.414158821105957,-3.204197883605957,-13.641665,-10.281667,-13.716052,-10.449498,-3.3599987,-3.2665539,-0.054160118103027344,-0.062355995178222656,-0.058258056640625,False,False,
pair_0060,16,01,01,01,pair_0060_happy,pair_0060_sad,upper_prompt__upper_spaced,Listen to the speech. Is the speaker HAPPY or SAD? Answer only HAPPY or SAD., HAPPY, SAD,"[86777, 56]","[328, 1808]",1,17,layer_17,post_decoder_block_output,decision_token,-19.037830352783203,-29.651939392089844,-19.09977912902832,-29.54941749572754,10.61410903930664,10.449638366699219,-19.022377,-29.675919,-19.11367,-29.521116,10.653542,10.407446,-0.039432525634765625,-0.04219245910644531,-0.04081249237060547,False,False,
pair_0060,16,01,01,01,pair_0060_happy,pair_0060_sad,upper_prompt__upper_spaced,Listen to the speech. Is the speaker HAPPY or SAD? Answer only HAPPY or SAD., HAPPY, SAD,"[86777, 56]","[328, 1808]",2,17,layer_17,post_decoder_block_output,decision_token,-13.680652618408203,-10.670976638793945,-13.755070686340332,-10.61568832397461,-3.009675979614258,-3.1393823623657227,-13.680216,-10.668427,-13.755697,-10.617079,-3.0117884,-3.1386185,0.0021123886108398438,0.0007638931274414062,0.001438140869140625,True,True,
pair_0061,16,01,02,01,pair_0061_happy,pair_0061_sad,upper_prompt__upper_spaced,Listen to the speech. Is the speaker HAPPY or SAD? Answer only HAPPY or SAD., HAPPY, SAD,"[86777, 56]","[328, 1808]",1,17,layer_17,post_decoder_block_output,decision_token,-19.173725128173828,-29.825841903686523,-19.2352352142334,-30.295923233032227,10.652116775512695,11.060688018798828,-19.155756,-30.001825,-19.268244,-30.179125,10.846069,10.910881,-0.1939525604248047,-0.14980697631835938,-0.17187976837158203,False,False,
pair_0061,16,01,02,01,pair_0061_happy,pair_0061_sad,upper_prompt__upper_spaced,Listen to the speech. Is the speaker HAPPY or SAD? Answer only HAPPY or SAD., HAPPY, SAD,"[86777, 56]","[328, 1808]",2,17,layer_17,post_decoder_block_output,decision_token,-13.730423927307129,-10.545711517333984,-13.62019157409668,-10.45177173614502,-3.1847124099731445,-3.16841983795166,-13.743335,-10.549088,-13.606379,-10.448676,-3.1942472,-3.1577024,0.009534835815429688,0.010717391967773438,0.010126113891601562,True,True,
pair_0062,16,02,01,01,pair_0062_happy,pair_0062_sad,upper_prompt__upper_spaced,Listen to the speech. Is the speaker HAPPY or SAD? Answer only HAPPY or SAD., HAPPY, SAD,"[86777, 56]","[328, 1808]",1,17,layer_17,post_decoder_block_output,decision_token,-19.64969253540039,-31.25738525390625,-19.39643669128418,-31.366748809814453,11.60769271850586,11.970312118530273,-19.342411,-31.38565,-19.704062,-31.259655,12.04324,11.5555935,-0.435546875,-0.4147186279296875,-0.42513275146484375,False,False,
pair_0062,16,02,01,01,pair_0062_happy,pair_0062_sad,upper_prompt__upper_spaced,Listen to the speech. Is the speaker HAPPY or SAD? Answer only HAPPY or SAD., HAPPY, SAD,"[86777, 56]","[328, 1808]",2,17,layer_17,post_decoder_block_output,decision_token,-13.605424880981445,-10.17380142211914,-13.683378219604492,-10.0787353515625,-3.4316234588623047,-3.604642868041992,-13.590816,-10.166515,-13.699479,-10.087077,-3.4243002,-3.612402,-0.007323265075683594,-0.00775909423828125,-0.007541179656982422,False,False,
pair_0063,16,02,02,01,pair_0063_happy,pair_0063_sad,upper_prompt__upper_spaced,Listen to the speech. Is the speaker HAPPY or SAD? Answer only HAPPY or SAD., HAPPY, SAD,"[86777, 56]","[328, 1808]",1,17,layer_17,post_decoder_block_output,decision_token,-19.62990951538086,-31.094470977783203,-19.88861656188965,-30.283409118652344,11.464561462402344,10.394792556762695,-19.875067,-30.440683,-19.645466,-30.900375,10.565617,11.2549095,0.8989448547363281,0.8601169586181641,0.8795309066772461,True,True,
pair_0063,16,02,02,01,pair_0063_happy,pair_0063_sad,upper_prompt__upper_spaced,Listen to the speech. Is the speaker HAPPY or SAD? Answer only HAPPY or SAD., HAPPY, SAD,"[86777, 56]","[328, 1808]",2,17,layer_17,post_decoder_block_output,decision_token,-13.691930770874023,-10.211190223693848,-13.731597900390625,-10.320114135742188,-3.480740547180176,-3.4114837646484375,-13.683348,-10.193533,-13.739855,-10.337996,-3.4898148,-3.4018593,0.009074211120605469,0.009624481201171875,0.009349346160888672,True,True,
pair_0064,17,01,01,01,pair_0064_happy,pair_0064_sad,upper_prompt__upper_spaced,Listen to the speech. Is the speaker HAPPY or SAD? Answer only HAPPY or SAD., HAPPY, SAD,"[86777, 56]","[328, 1808]",1,17,layer_17,post_decoder_block_output,decision_token,-19.208114624023438,-29.883136749267578,-19.097536087036133,-29.633296966552734,10.67502212524414,10.535760879516602,-19.115656,-29.665674,-19.18592,-29.846924,10.550018,10.661003,0.12500381469726562,0.1252422332763672,0.1251230239868164,True,True,
pair_0064,17,01,01,01,pair_0064_happy,pair_0064_sad,upper_prompt__upper_spaced,Listen to the speech. Is the speaker HAPPY or SAD? Answer only HAPPY or SAD., HAPPY, SAD,"[86777, 56]","[328, 1808]",2,17,layer_17,post_decoder_block_output,decision_token,-13.839156150817871,-10.523974418640137,-13.727715492248535,-10.356401443481445,-3.3151817321777344,-3.37131404876709,-13.83563,-10.530224,-13.7312,-10.350807,-3.3054066,-3.380393,-0.009775161743164062,-0.0090789794921875,-0.009427070617675781,False,False,
pair_0065,17,01,02,01,pair_0065_happy,pair_0065_sad,upper_prompt__upper_spaced,Listen to the speech. Is the speaker HAPPY or SAD? Answer only HAPPY or SAD., HAPPY, SAD,"[86777, 56]","[328, 1808]",1,17,layer_17,post_decoder_block_output,decision_token,-19.057723999023438,-29.87625503540039,-19.416379928588867,-29.99545669555664,10.818531036376953,10.579076766967773,-19.363573,-29.852398,-19.114878,-30.01882,10.488825,10.903942,0.32970619201660156,0.32486534118652344,0.3272857666015625,True,True,
pair_0065,17,01,02,01,pair_0065_happy,pair_0065_sad,upper_prompt__upper_spaced,Listen to the speech. Is the speaker HAPPY or SAD? Answer only HAPPY or SAD., HAPPY, SAD,"[86777, 56]","[328, 1808]",2,17,layer_17,post_decoder_block_output,decision_token,-13.767622947692871,-10.357295036315918,-13.690540313720703,-10.333331108093262,-3.410327911376953,-3.3572092056274414,-13.77716,-10.349396,-13.681855,-10.340013,-3.427764,-3.3418427,0.01743602752685547,0.015366554260253906,0.016401290893554688,True,True,
pair_0066,17,02,01,01,pair_0066_happy,pair_0066_sad,upper_prompt__upper_spaced,Listen to the speech. Is the speaker HAPPY or SAD? Answer only HAPPY or SAD., HAPPY, SAD,"[86777, 56]","[328, 1808]",1,17,layer_17,post_decoder_block_output,decision_token,-19.50527000427246,-31.499792098999023,-19.11714744567871,-31.013797760009766,11.994522094726562,11.896650314331055,-19.173279,-31.1478,-19.450254,-31.3671,11.974522,11.916845,0.020000457763671875,0.02019500732421875,0.020097732543945312,True,True,
pair_0066,17,02,01,01,pair_0066_happy,pair_0066_sad,upper_prompt__upper_spaced,Listen to the speech. Is the speaker HAPPY or SAD? Answer only HAPPY or SAD., HAPPY, SAD,"[86777, 56]","[328, 1808]",2,17,layer_17,post_decoder_block_output,decision_token,-13.720714569091797,-10.148981094360352,-13.740145683288574,-10.215185165405273,-3.5717334747314453,-3.524960517883301,-13.712406,-10.194877,-13.748431,-10.173895,-3.5175295,-3.5745363,-0.05420398712158203,-0.0495758056640625,-0.051889896392822266,False,False,
pair_0067,17,02,02,01,pair_0067_happy,pair_0067_sad,upper_prompt__upper_spaced,Listen to the speech. Is the speaker HAPPY or SAD? Answer only HAPPY or SAD., HAPPY, SAD,"[86777, 56]","[328, 1808]",1,17,layer_17,post_decoder_block_output,decision_token,-19.258255004882812,-31.471332550048828,-19.620344161987305,-31.09368133544922,12.213077545166016,11.473337173461914,-19.615229,-31.17292,-19.278957,-31.409397,11.557692,12.13044,0.6553859710693359,0.6571025848388672,0.6562442779541016,True,True,
pair_0067,17,02,02,01,pair_0067_happy,pair_0067_sad,upper_prompt__upper_spaced,Listen to the speech. Is the speaker HAPPY or SAD? Answer only HAPPY or SAD., HAPPY, SAD,"[86777, 56]","[328, 1808]",2,17,layer_17,post_decoder_block_output,decision_token,-13.625946998596191,-10.10867977142334,-13.710363388061523,-10.164986610412598,-3.5172672271728516,-3.545376777648926,-13.650391,-10.091843,-13.689175,-10.179895,-3.558548,-3.5092793,0.04128074645996094,0.03609752655029297,0.03868913650512695,True,True,
pair_0068,18,01,01,01,pair_0068_happy,pair_0068_sad,upper_prompt__upper_spaced,Listen to the speech. Is the speaker HAPPY or SAD? Answer only HAPPY or SAD., HAPPY, SAD,"[86777, 56]","[328, 1808]",1,17,layer_17,post_decoder_block_output,decision_token,-19.220701217651367,-29.879329681396484,-19.26307487487793,-30.001482009887695,10.658628463745117,10.738407135009766,-19.2552,-29.79835,-19.2327,-30.03592,10.54315,10.803219,0.115478515625,0.06481170654296875,0.09014511108398438,True,True,
pair_0068,18,01,01,01,pair_0068_happy,pair_0068_sad,upper_prompt__upper_spaced,Listen to the speech. Is the speaker HAPPY or SAD? Answer only HAPPY or SAD., HAPPY, SAD,"[86777, 56]","[328, 1808]",2,17,layer_17,post_decoder_block_output,decision_token,-13.652873992919922,-10.32300853729248,-13.724611282348633,-10.382192611694336,-3.3298654556274414,-3.342418670654297,-13.663484,-10.309643,-13.714749,-10.392328,-3.3538408,-3.322421,0.023975372314453125,0.019997596740722656,0.02198648452758789,True,True,
pair_0069,18,01,02,01,pair_0069_happy,pair_0069_sad,upper_prompt__upper_spaced,Listen to the speech. Is the speaker HAPPY or SAD? Answer only HAPPY or SAD., HAPPY, SAD,"[86777, 56]","[328, 1808]",1,17,layer_17,post_decoder_block_output,decision_token,-19.838911056518555,-30.36734390258789,-19.17008399963379,-29.89264488220215,10.528432846069336,10.72256088256836,-19.240192,-30.422972,-19.723665,-29.956566,11.182779,10.232901,-0.6543464660644531,-0.48966026306152344,-0.5720033645629883,False,False,
pair_0069,18,01,02,01,pair_0069_happy,pair_0069_sad,upper_prompt__upper_spaced,Listen to the speech. Is the speaker HAPPY or SAD? Answer only HAPPY or SAD., HAPPY, SAD,"[86777, 56]","[328, 1808]",2,17,layer_17,post_decoder_block_output,decision_token,-13.689192771911621,-10.40996265411377,-13.763373374938965,-10.461973190307617,-3.2792301177978516,-3.3014001846313477,-13.700492,-10.431211,-13.75288,-10.444935,-3.2692804,-3.3079453,-0.009949684143066406,-0.006545066833496094,-0.00824737548828125,False,False,
pair_0070,18,02,01,01,pair_0070_happy,pair_0070_sad,upper_prompt__upper_spaced,Listen to the speech. Is the speaker HAPPY or SAD? Answer only HAPPY or SAD., HAPPY, SAD,"[86777, 56]","[328, 1808]",1,17,layer_17,post_decoder_block_output,decision_token,-19.580469131469727,-30.437946319580078,-19.468048095703125,-31.159908294677734,10.857477188110352,11.69186019897461,-19.445248,-31.135408,-19.606749,-30.473646,11.690161,10.866898,-0.8326835632324219,-0.8249626159667969,-0.8288230895996094,False,False,
pair_0070,18,02,01,01,pair_0070_happy,pair_0070_sad,upper_prompt__upper_spaced,Listen to the speech. Is the speaker HAPPY or SAD? Answer only HAPPY or SAD., HAPPY, SAD,"[86777, 56]","[328, 1808]",2,17,layer_17,post_decoder_block_output,decision_token,-13.639945030212402,-10.09089469909668,-13.626133918762207,-10.052303314208984,-3.5490503311157227,-3.5738306045532227,-13.6462345,-10.095716,-13.618483,-10.045652,-3.550518,-3.5728302,0.0014677047729492188,0.0010004043579101562,0.0012340545654296875,True,True,
pair_0071,18,02,02,01,pair_0071_happy,pair_0071_sad,upper_prompt__upper_spaced,Listen to the speech. Is the speaker HAPPY or SAD? Answer only HAPPY or SAD., HAPPY, SAD,"[86777, 56]","[328, 1808]",1,17,layer_17,post_decoder_block_output,decision_token,-19.006622314453125,-30.613201141357422,-19.928815841674805,-31.17146873474121,11.606578826904297,11.242652893066406,-20.034544,-30.825779,-19.019228,-31.246819,10.791235,12.227591,0.8153438568115234,0.9849376678466797,0.9001407623291016,True,True,
pair_0071,18,02,02,01,pair_0071_happy,pair_0071_sad,upper_prompt__upper_spaced,Listen to the speech. Is the speaker HAPPY or SAD? Answer only HAPPY or SAD., HAPPY, SAD,"[86777, 56]","[328, 1808]",2,17,layer_17,post_decoder_block_output,decision_token,-13.601134300231934,-12.15493106842041,-13.683155059814453,-10.05356216430664,-1.4462032318115234,-3.6295928955078125,-13.790979,-12.173239,-13.483911,-10.0393915,-1.6177406,-3.444519,0.1715373992919922,0.1850738525390625,0.17830562591552734,True,True,
pair_0072,19,01,01,01,pair_0072_happy,pair_0072_sad,upper_prompt__upper_spaced,Listen to the speech. Is the speaker HAPPY or SAD? Answer only HAPPY or SAD., HAPPY, SAD,"[86777, 56]","[328, 1808]",1,17,layer_17,post_decoder_block_output,decision_token,-19.156465530395508,-29.735986709594727,-19.120094299316406,-29.963422775268555,10.579521179199219,10.843328475952148,-19.156498,-29.89573,-19.132292,-29.778805,10.739231,10.646513,-0.15970993041992188,-0.19681549072265625,-0.17826271057128906,False,False,
pair_0072,19,01,01,01,pair_0072_happy,pair_0072_sad,upper_prompt__upper_spaced,Listen to the speech. Is the speaker HAPPY or SAD? Answer only HAPPY or SAD., HAPPY, SAD,"[86777, 56]","[328, 1808]",2,17,layer_17,post_decoder_block_output,decision_token,-13.706686973571777,-10.49846076965332,-13.73741340637207,-10.525351524353027,-3.208226203918457,-3.212061882019043,-13.673765,-10.519037,-13.770744,-10.503789,-3.154728,-3.2669554,-0.053498268127441406,-0.05489349365234375,-0.05419588088989258,False,False,
pair_0073,19,01,02,01,pair_0073_happy,pair_0073_sad,upper_prompt__upper_spaced,Listen to the speech. Is the speaker HAPPY or SAD? Answer only HAPPY or SAD., HAPPY, SAD,"[86777, 56]","[328, 1808]",1,17,layer_17,post_decoder_block_output,decision_token,-19.063621520996094,-29.88372039794922,-19.28802490234375,-30.200613021850586,10.820098876953125,10.912588119506836,-19.161358,-30.112514,-19.199833,-29.980114,10.951157,10.780281,-0.1310577392578125,-0.1323070526123047,-0.1316823959350586,False,False,
pair_0073,19,01,02,01,pair_0073_happy,pair_0073_sad,upper_prompt__upper_spaced,Listen to the speech. Is the speaker HAPPY or SAD? Answer only HAPPY or SAD., HAPPY, SAD,"[86777, 56]","[328, 1808]",2,17,layer_17,post_decoder_block_output,decision_token,-13.622823715209961,-10.4752197265625,-13.707361221313477,-10.540303230285645,-3.147603988647461,-3.167057991027832,-13.665806,-10.454522,-13.665188,-10.555351,-3.2112837,-3.1098366,0.06367969512939453,0.057221412658691406,0.06045055389404297,True,True,
pair_0074,19,02,01,01,pair_0074_happy,pair_0074_sad,upper_prompt__upper_spaced,Listen to the speech. Is the speaker HAPPY or SAD? Answer only HAPPY or SAD., HAPPY, SAD,"[86777, 56]","[328, 1808]",1,17,layer_17,post_decoder_block_output,decision_token,-19.3079891204834,-31.075868606567383,-18.449541091918945,-30.273672103881836,11.767879486083984,11.82413101196289,-18.46902,-30.182491,-19.285738,-31.193989,11.71347,11.908251,0.054409027099609375,0.08411979675292969,0.06926441192626953,True,True,
pair_0074,19,02,01,01,pair_0074_happy,pair_0074_sad,upper_prompt__upper_spaced,Listen to the speech. Is the speaker HAPPY or SAD? Answer only HAPPY or SAD., HAPPY, SAD,"[86777, 56]","[328, 1808]",2,17,layer_17,post_decoder_block_output,decision_token,-13.682214736938477,-10.207444190979004,-13.642620086669922,-10.838476181030273,-3.4747705459594727,-2.8041439056396484,-13.596318,-10.24439,-13.7259245,-10.803898,-3.3519287,-2.9220266,-0.12284183502197266,-0.11788272857666016,-0.1203622817993164,False,False,
pair_0075,19,02,02,01,pair_0075_happy,pair_0075_sad,upper_prompt__upper_spaced,Listen to the speech. Is the speaker HAPPY or SAD? Answer only HAPPY or SAD., HAPPY, SAD,"[86777, 56]","[328, 1808]",1,17,layer_17,post_decoder_block_output,decision_token,-19.319042205810547,-30.33167839050293,-19.57868194580078,-31.091123580932617,11.012636184692383,11.512441635131836,-19.477514,-31.136772,-19.406061,-30.321787,11.659258,10.915726,-0.6466217041015625,-0.5967159271240234,-0.621668815612793,False,False,
pair_0075,19,02,02,01,pair_0075_happy,pair_0075_sad,upper_prompt__upper_spaced,Listen to the speech. Is the speaker HAPPY or SAD? Answer only HAPPY or SAD., HAPPY, SAD,"[86777, 56]","[328, 1808]",2,17,layer_17,post_decoder_block_output,decision_token,-13.678106307983398,-10.177326202392578,-13.658187866210938,-10.119277000427246,-3.5007801055908203,-3.5389108657836914,-13.680547,-10.171364,-13.655547,-10.120645,-3.509183,-3.5349026,0.008402824401855469,0.004008293151855469,0.006205558776855469,True,True,
pair_0076,20,01,01,01,pair_0076_happy,pair_0076_sad,upper_prompt__upper_spaced,Listen to the speech. Is the speaker HAPPY or SAD? Answer only HAPPY or SAD., HAPPY, SAD,"[86777, 56]","[328, 1808]",1,17,layer_17,post_decoder_block_output,decision_token,-19.21535873413086,-29.621604919433594,-19.145872116088867,-29.49550437927246,10.406246185302734,10.349632263183594,-19.0666,-29.553593,-19.30568,-29.594269,10.486992,10.2885895,-0.08074569702148438,-0.06104278564453125,-0.07089424133300781,False,False,
pair_0076,20,01,01,01,pair_0076_happy,pair_0076_sad,upper_prompt__upper_spaced,Listen to the speech. Is the speaker HAPPY or SAD? Answer only HAPPY or SAD., HAPPY, SAD,"[86777, 56]","[328, 1808]",2,17,layer_17,post_decoder_block_output,decision_token,-13.715896606445312,-10.364259719848633,-13.771855354309082,-10.554363250732422,-3.3516368865966797,-3.21749210357666,-13.731568,-10.345518,-13.75542,-10.571801,-3.3860502,-3.1836185,0.03441333770751953,0.033873558044433594,0.03414344787597656,True,True,
pair_0077,20,01,02,01,pair_0077_happy,pair_0077_sad,upper_prompt__upper_spaced,Listen to the speech. Is the speaker HAPPY or SAD? Answer only HAPPY or SAD., HAPPY, SAD,"[86777, 56]","[328, 1808]",1,17,layer_17,post_decoder_block_output,decision_token,-19.387678146362305,-30.392751693725586,-19.036460876464844,-30.358718872070312,11.005073547363281,11.322257995605469,-18.976067,-29.890612,-19.457287,-30.832867,10.914545,11.37558,0.09052848815917969,0.05332183837890625,0.07192516326904297,True,True,
pair_0077,20,01,02,01,pair_0077_happy,pair_0077_sad,upper_prompt__upper_spaced,Listen to the speech. Is the speaker HAPPY or SAD? Answer only HAPPY or SAD., HAPPY, SAD,"[86777, 56]","[328, 1808]",2,17,layer_17,post_decoder_block_output,decision_token,-13.688002586364746,-10.45969295501709,-13.759172439575195,-10.71607780456543,-3.2283096313476562,-3.0430946350097656,-13.648291,-10.493538,-13.798688,-10.678929,-3.1547527,-3.1197586,-0.07355690002441406,-0.07666397094726562,-0.07511043548583984,False,False,
pair_0078,20,02,01,01,pair_0078_happy,pair_0078_sad,upper_prompt__upper_spaced,Listen to the speech. Is the speaker HAPPY or SAD? Answer only HAPPY or SAD., HAPPY, SAD,"[86777, 56]","[328, 1808]",1,17,layer_17,post_decoder_block_output,decision_token,-19.58876609802246,-30.826398849487305,-19.74155616760254,-30.474313735961914,11.237632751464844,10.732757568359375,-19.686443,-31.347849,-19.679922,-29.724815,11.661406,10.044893,-0.42377281188964844,-0.6878643035888672,-0.5558185577392578,False,False,
pair_0078,20,02,01,01,pair_0078_happy,pair_0078_sad,upper_prompt__upper_spaced,Listen to the speech. Is the speaker HAPPY or SAD? Answer only HAPPY or SAD., HAPPY, SAD,"[86777, 56]","[328, 1808]",2,17,layer_17,post_decoder_block_output,decision_token,-13.70676326751709,-9.866230964660645,-13.727449417114258,-12.098976135253906,-3.8405323028564453,-1.6284732818603516,-13.626269,-9.833714,-13.801018,-12.14546,-3.7925558,-1.6555576,-0.04797649383544922,-0.0270843505859375,-0.03753042221069336,False,False,
pair_0079,20,02,02,01,pair_0079_happy,pair_0079_sad,upper_prompt__upper_spaced,Listen to the speech. Is the speaker HAPPY or SAD? Answer only HAPPY or SAD., HAPPY, SAD,"[86777, 56]","[328, 1808]",1,17,layer_17,post_decoder_block_output,decision_token,-19.412113189697266,-30.84779930114746,-19.718887329101562,-30.05139923095703,11.435686111450195,10.332511901855469,-19.708628,-30.323294,-19.411947,-30.57941,10.614666,11.167463,0.8210201263427734,0.8349514007568359,0.8279857635498047,True,True,
pair_0079,20,02,02,01,pair_0079_happy,pair_0079_sad,upper_prompt__upper_spaced,Listen to the speech. Is the speaker HAPPY or SAD? Answer only HAPPY or SAD., HAPPY, SAD,"[86777, 56]","[328, 1808]",2,17,layer_17,post_decoder_block_output,decision_token,-13.670499801635742,-10.158014297485352,-13.637129783630371,-10.242918014526367,-3.5124855041503906,-3.394211769104004,-13.667702,-10.1391535,-13.63665,-10.256827,-3.5285482,-3.3798227,0.01606273651123047,0.0143890380859375,0.015225887298583984,True,True,
pair_0080,21,01,01,01,pair_0080_happy,pair_0080_sad,upper_prompt__upper_spaced,Listen to the speech. Is the speaker HAPPY or SAD? Answer only HAPPY or SAD., HAPPY, SAD,"[86777, 56]","[328, 1808]",1,17,layer_17,post_decoder_block_output,decision_token,-19.199966430664062,-29.68475341796875,-19.07727813720703,-29.573190689086914,10.484786987304688,10.495912551879883,-19.067259,-29.877274,-19.22409,-29.383646,10.810015,10.159555,-0.3252277374267578,-0.33635711669921875,-0.3307924270629883,False,False,
pair_0080,21,01,01,01,pair_0080_happy,pair_0080_sad,upper_prompt__upper_spaced,Listen to the speech. Is the speaker HAPPY or SAD? Answer only HAPPY or SAD., HAPPY, SAD,"[86777, 56]","[328, 1808]",2,17,layer_17,post_decoder_block_output,decision_token,-13.652223587036133,-10.32962417602539,-13.6896390914917,-10.136431694030762,-3.322599411010742,-3.5532073974609375,-13.65936,-10.3308735,-13.681737,-10.132955,-3.3284864,-3.5487823,0.005887031555175781,0.004425048828125,0.005156040191650391,True,True,
pair_0081,21,01,02,01,pair_0081_happy,pair_0081_sad,upper_prompt__upper_spaced,Listen to the speech. Is the speaker HAPPY or SAD? Answer only HAPPY or SAD., HAPPY, SAD,"[86777, 56]","[328, 1808]",1,17,layer_17,post_decoder_block_output,decision_token,-18.95753288269043,-29.68299674987793,-19.062759399414062,-29.492589950561523,10.7254638671875,10.429830551147461,-19.013203,-29.658709,-19.01941,-29.539722,10.645506,10.520313,0.07995796203613281,0.09048271179199219,0.0852203369140625,True,True,
pair_0081,21,01,02,01,pair_0081_happy,pair_0081_sad,upper_prompt__upper_spaced,Listen to the speech. Is the speaker HAPPY or SAD? Answer only HAPPY or SAD., HAPPY, SAD,"[86777, 56]","[328, 1808]",2,17,layer_17,post_decoder_block_output,decision_token,-13.685694694519043,-10.469291687011719,-13.606071472167969,-10.18705940246582,-3.216403007507324,-3.4190120697021484,-13.693087,-10.447113,-13.599043,-10.209481,-3.2459736,-3.3895617,0.029570579528808594,0.029450416564941406,0.029510498046875,True,True,
pair_0082,21,02,01,01,pair_0082_happy,pair_0082_sad,upper_prompt__upper_spaced,Listen to the speech. Is the speaker HAPPY or SAD? Answer only HAPPY or SAD., HAPPY, SAD,"[86777, 56]","[328, 1808]",1,17,layer_17,post_decoder_block_output,decision_token,-19.574819564819336,-30.72708511352539,-19.4070987701416,-30.343656539916992,11.152265548706055,10.93655776977539,-19.442835,-30.328268,-19.541636,-30.746595,10.885433,11.20496,0.2668323516845703,0.268402099609375,0.26761722564697266,True,True,
pair_0082,21,02,01,01,pair_0082_happy,pair_0082_sad,upper_prompt__upper_spaced,Listen to the speech. Is the speaker HAPPY or SAD? Answer only HAPPY or SAD., HAPPY, SAD,"[86777, 56]","[328, 1808]",2,17,layer_17,post_decoder_block_output,decision_token,-13.65623950958252,-10.217596054077148,-13.689558029174805,-10.015968322753906,-3.438643455505371,-3.6735897064208984,-13.660211,-10.207633,-13.686285,-10.026136,-3.4525776,-3.6601486,0.013934135437011719,0.013441085815429688,0.013687610626220703,True,True,
pair_0083,21,02,02,01,pair_0083_happy,pair_0083_sad,upper_prompt__upper_spaced,Listen to the speech. Is the speaker HAPPY or SAD? Answer only HAPPY or SAD., HAPPY, SAD,"[86777, 56]","[328, 1808]",1,17,layer_17,post_decoder_block_output,decision_token,-19.56549644470215,-30.628828048706055,-19.505050659179688,-30.499717712402344,11.063331604003906,10.994667053222656,-19.499252,-30.738213,-19.570219,-30.388332,11.23896,10.818113,-0.175628662109375,-0.17655372619628906,-0.17609119415283203,False,False,
pair_0083,21,02,02,01,pair_0083_happy,pair_0083_sad,upper_prompt__upper_spaced,Listen to the speech. Is the speaker HAPPY or SAD? Answer only HAPPY or SAD., HAPPY, SAD,"[86777, 56]","[328, 1808]",2,17,layer_17,post_decoder_block_output,decision_token,-13.685736656188965,-10.173002243041992,-13.65900707244873,-9.929244995117188,-3.5127344131469727,-3.729762077331543,-13.665408,-10.1687355,-13.679187,-9.934854,-3.4966726,-3.7443333,-0.016061782836914062,-0.014571189880371094,-0.015316486358642578,False,False,
pair_0084,22,01,01,01,pair_0084_happy,pair_0084_sad,upper_prompt__upper_spaced,Listen to the speech. Is the speaker HAPPY or SAD? Answer only HAPPY or SAD., HAPPY, SAD,"[86777, 56]","[328, 1808]",1,17,layer_17,post_decoder_block_output,decision_token,-19.204360961914062,-30.006732940673828,-18.97649383544922,-29.77980613708496,10.802371978759766,10.803312301635742,-18.995867,-29.656548,-19.182152,-30.116817,10.660681,10.934666,0.1416912078857422,0.13135337829589844,0.1365222930908203,True,True,
pair_0084,22,01,01,01,pair_0084_happy,pair_0084_sad,upper_prompt__upper_spaced,Listen to the speech. Is the speaker HAPPY or SAD? Answer only HAPPY or SAD., HAPPY, SAD,"[86777, 56]","[328, 1808]",2,17,layer_17,post_decoder_block_output,decision_token,-13.673028945922852,-10.38847541809082,-13.721036911010742,-10.708374977111816,-3.2845535278320312,-3.012661933898926,-13.658091,-10.408003,-13.735905,-10.684736,-3.2500877,-3.0511684,-0.034465789794921875,-0.038506507873535156,-0.036486148834228516,False,False,
pair_0085,22,01,02,01,pair_0085_happy,pair_0085_sad,upper_prompt__upper_spaced,Listen to the speech. Is the speaker HAPPY or SAD? Answer only HAPPY or SAD., HAPPY, SAD,"[86777, 56]","[328, 1808]",1,17,layer_17,post_decoder_block_output,decision_token,-19.200775146484375,-30.197856903076172,-19.078414916992188,-30.0689697265625,10.997081756591797,10.990554809570312,-19.039492,-30.253023,-19.239508,-30.020536,11.2135315,10.781029,-0.21644973754882812,-0.20952606201171875,-0.21298789978027344,False,False,
pair_0085,22,01,02,01,pair_0085_happy,pair_0085_sad,upper_prompt__upper_spaced,Listen to the speech. Is the speaker HAPPY or SAD? Answer only HAPPY or SAD., HAPPY, SAD,"[86777, 56]","[328, 1808]",2,17,layer_17,post_decoder_block_output,decision_token,-13.731732368469238,-10.388416290283203,-13.697587966918945,-10.457023620605469,-3.343316078186035,-3.2405643463134766,-13.725982,-10.388681,-13.7029505,-10.458593,-3.3373003,-3.244357,-0.006015777587890625,-0.0037927627563476562,-0.004904270172119141,False,False,
pair_0086,22,02,01,01,pair_0086_happy,pair_0086_sad,upper_prompt__upper_spaced,Listen to the speech. Is the speaker HAPPY or SAD? Answer only HAPPY or SAD., HAPPY, SAD,"[86777, 56]","[328, 1808]",1,17,layer_17,post_decoder_block_output,decision_token,-19.586673736572266,-31.035442352294922,-19.72740936279297,-31.007625579833984,11.448768615722656,11.280216217041016,-19.721272,-30.981525,-19.585625,-31.061687,11.260254,11.476063,0.18851470947265625,0.1958465576171875,0.19218063354492188,True,True,
pair_0086,22,02,01,01,pair_0086_happy,pair_0086_sad,upper_prompt__upper_spaced,Listen to the speech. Is the speaker HAPPY or SAD? Answer only HAPPY or SAD., HAPPY, SAD,"[86777, 56]","[328, 1808]",2,17,layer_17,post_decoder_block_output,decision_token,-13.652481079101562,-10.072489738464355,-13.692815780639648,-10.143561363220215,-3.579991340637207,-3.5492544174194336,-13.657201,-10.083605,-13.688326,-10.132994,-3.573596,-3.5553322,-0.0063953399658203125,-0.006077766418457031,-0.006236553192138672,False,False,
pair_0087,22,02,02,01,pair_0087_happy,pair_0087_sad,upper_prompt__upper_spaced,Listen to the speech. Is the speaker HAPPY or SAD? Answer only HAPPY or SAD., HAPPY, SAD,"[86777, 56]","[328, 1808]",1,17,layer_17,post_decoder_block_output,decision_token,-19.38150978088379,-30.699844360351562,-19.4526424407959,-31.33948516845703,11.318334579467773,11.886842727661133,-19.500957,-31.36462,-19.336332,-30.691435,11.863663,11.355103,-0.5453281402587891,-0.5317401885986328,-0.5385341644287109,False,False,
pair_0087,22,02,02,01,pair_0087_happy,pair_0087_sad,upper_prompt__upper_spaced,Listen to the speech. Is the speaker HAPPY or SAD? Answer only HAPPY or SAD., HAPPY, SAD,"[86777, 56]","[328, 1808]",2,17,layer_17,post_decoder_block_output,decision_token,-13.636640548706055,-10.124119758605957,-13.66646671295166,-10.051488876342773,-3.5125207901000977,-3.6149778366088867,-13.659279,-10.138443,-13.644873,-10.037134,-3.5208359,-3.6077385,0.008315086364746094,0.007239341735839844,0.007777214050292969,True,True,
pair_0088,23,01,01,01,pair_0088_happy,pair_0088_sad,upper_prompt__upper_spaced,Listen to the speech. Is the speaker HAPPY or SAD? Answer only HAPPY or SAD., HAPPY, SAD,"[86777, 56]","[328, 1808]",1,17,layer_17,post_decoder_block_output,decision_token,-19.187068939208984,-30.010482788085938,-19.130056381225586,-29.952667236328125,10.823413848876953,10.822610855102539,-19.156637,-30.341955,-19.17708,-29.665766,11.185318,10.488686,-0.3619041442871094,-0.3339252471923828,-0.3479146957397461,False,False,
pair_0088,23,01,01,01,pair_0088_happy,pair_0088_sad,upper_prompt__upper_spaced,Listen to the speech. Is the speaker HAPPY or SAD? Answer only HAPPY or SAD., HAPPY, SAD,"[86777, 56]","[328, 1808]",2,17,layer_17,post_decoder_block_output,decision_token,-13.725801467895508,-10.305913925170898,-13.696794509887695,-10.495347023010254,-3.4198875427246094,-3.2014474868774414,-13.717001,-10.290934,-13.704973,-10.510107,-3.4260674,-3.1948662,0.0061798095703125,0.006581306457519531,0.006380558013916016,True,True,
pair_0089,23,01,02,01,pair_0089_happy,pair_0089_sad,upper_prompt__upper_spaced,Listen to the speech. Is the speaker HAPPY or SAD? Answer only HAPPY or SAD., HAPPY, SAD,"[86777, 56]","[328, 1808]",1,17,layer_17,post_decoder_block_output,decision_token,-19.227846145629883,-29.977672576904297,-19.367162704467773,-30.11935806274414,10.749826431274414,10.752195358276367,-19.425226,-29.964773,-19.153105,-30.064646,10.539547,10.911541,0.2102794647216797,0.1593456268310547,0.1848125457763672,True,True,
pair_0089,23,01,02,01,pair_0089_happy,pair_0089_sad,upper_prompt__upper_spaced,Listen to the speech. Is the speaker HAPPY or SAD? Answer only HAPPY or SAD., HAPPY, SAD,"[86777, 56]","[328, 1808]",2,17,layer_17,post_decoder_block_output,decision_token,-13.714988708496094,-10.579324722290039,-13.663162231445312,-10.429261207580566,-3.1356639862060547,-3.233901023864746,-13.730823,-10.54993,-13.645289,-10.460186,-3.180893,-3.1851034,0.04522895812988281,0.048797607421875,0.047013282775878906,True,True,
pair_0090,23,02,01,01,pair_0090_happy,pair_0090_sad,upper_prompt__upper_spaced,Listen to the speech. Is the speaker HAPPY or SAD? Answer only HAPPY or SAD., HAPPY, SAD,"[86777, 56]","[328, 1808]",1,17,layer_17,post_decoder_block_output,decision_token,-19.10641098022461,-31.632068634033203,-19.419384002685547,-31.116817474365234,12.525657653808594,11.697433471679688,-19.40119,-31.33887,-19.129053,-31.411575,11.937679,12.282522,0.5879783630371094,0.5850887298583984,0.5865335464477539,True,True,
pair_0090,23,02,01,01,pair_0090_happy,pair_0090_sad,upper_prompt__upper_spaced,Listen to the speech. Is the speaker HAPPY or SAD? Answer only HAPPY or SAD., HAPPY, SAD,"[86777, 56]","[328, 1808]",2,17,layer_17,post_decoder_block_output,decision_token,-13.695530891418457,-10.387899398803711,-13.611084938049316,-10.136455535888672,-3.307631492614746,-3.4746294021606445,-13.734219,-10.359907,-13.573759,-10.169361,-3.3743114,-3.404398,0.0666799545288086,0.07023143768310547,0.06845569610595703,True,True,
pair_0091,23,02,02,01,pair_0091_happy,pair_0091_sad,upper_prompt__upper_spaced,Listen to the speech. Is the speaker HAPPY or SAD? Answer only HAPPY or SAD., HAPPY, SAD,"[86777, 56]","[328, 1808]",1,17,layer_17,post_decoder_block_output,decision_token,-19.339885711669922,-31.740203857421875,-19.737041473388672,-30.63642120361328,12.400318145751953,10.89937973022461,-19.803877,-31.152523,-19.292873,-31.113382,11.348646,11.820509,1.0516719818115234,0.9211292266845703,0.9864006042480469,True,True,
pair_0091,23,02,02,01,pair_0091_happy,pair_0091_sad,upper_prompt__upper_spaced,Listen to the speech. Is the speaker HAPPY or SAD? Answer only HAPPY or SAD., HAPPY, SAD,"[86777, 56]","[328, 1808]",2,17,layer_17,post_decoder_block_output,decision_token,-13.693856239318848,-10.457387924194336,-13.674161911010742,-10.153833389282227,-3.2364683151245117,-3.5203285217285156,-13.75182,-10.452766,-13.615849,-10.165068,-3.2990532,-3.4507809,0.06258487701416016,0.06954765319824219,0.06606626510620117,True,True,
pair_0092,24,01,01,01,pair_0092_happy,pair_0092_sad,upper_prompt__upper_spaced,Listen to the speech. Is the speaker HAPPY or SAD? Answer only HAPPY or SAD., HAPPY, SAD,"[86777, 56]","[328, 1808]",1,17,layer_17,post_decoder_block_output,decision_token,-19.170978546142578,-30.0499267578125,-18.935956954956055,-29.700603485107422,10.878948211669922,10.764646530151367,-18.932598,-29.641838,-19.183037,-30.102121,10.70924,10.919085,0.169708251953125,0.15443801879882812,0.16207313537597656,True,True,
pair_0092,24,01,01,01,pair_0092_happy,pair_0092_sad,upper_prompt__upper_spaced,Listen to the speech. Is the speaker HAPPY or SAD? Answer only HAPPY or SAD., HAPPY, SAD,"[86777, 56]","[328, 1808]",2,17,layer_17,post_decoder_block_output,decision_token,-13.724344253540039,-10.37842082977295,-13.576727867126465,-10.213804244995117,-3.34592342376709,-3.3629236221313477,-13.706552,-10.36847,-13.594579,-10.222674,-3.3380814,-3.3719044,-0.007842063903808594,-0.008980751037597656,-0.008411407470703125,False,False,
pair_0093,24,01,02,01,pair_0093_happy,pair_0093_sad,upper_prompt__upper_spaced,Listen to the speech. Is the speaker HAPPY or SAD? Answer only HAPPY or SAD., HAPPY, SAD,"[86777, 56]","[328, 1808]",1,17,layer_17,post_decoder_block_output,decision_token,-19.13103485107422,-30.024930953979492,-18.999650955200195,-30.118886947631836,10.893896102905273,11.11923599243164,-18.962849,-30.071402,-19.170782,-30.075125,11.108553,10.904343,-0.21465682983398438,-0.21489334106445312,-0.21477508544921875,False,False,
pair_0093,24,01,02,01,pair_0093_happy,pair_0093_sad,upper_prompt__upper_spaced,Listen to the speech. Is the speaker HAPPY or SAD? Answer only HAPPY or SAD., HAPPY, SAD,"[86777, 56]","[328, 1808]",2,17,layer_17,post_decoder_block_output,decision_token,-13.66466999053955,-10.21513557434082,-13.688189506530762,-10.361807823181152,-3.4495344161987305,-3.3263816833496094,-13.687934,-10.213189,-13.664632,-10.363145,-3.4747448,-3.301487,0.02521038055419922,0.02489471435546875,0.025052547454833984,True,True,
pair_0094,24,02,01,01,pair_0094_happy,pair_0094_sad,upper_prompt__upper_spaced,Listen to the speech. Is the speaker HAPPY or SAD? Answer only HAPPY or SAD., HAPPY, SAD,"[86777, 56]","[328, 1808]",1,17,layer_17,post_decoder_block_output,decision_token,-19.791242599487305,-31.30658531188965,-19.500566482543945,-30.094114303588867,11.515342712402344,10.593547821044922,-19.47434,-30.155046,-19.831026,-31.355099,10.680706,11.524073,0.8346366882324219,0.9305248260498047,0.8825807571411133,True,True,
pair_0094,24,02,01,01,pair_0094_happy,pair_0094_sad,upper_prompt__upper_spaced,Listen to the speech. Is the speaker HAPPY or SAD? Answer only HAPPY or SAD., HAPPY, SAD,"[86777, 56]","[328, 1808]",2,17,layer_17,post_decoder_block_output,decision_token,-13.714067459106445,-10.13552474975586,-13.777361869812012,-10.691099166870117,-3.578542709350586,-3.0862627029418945,-13.6844,-10.144476,-13.805617,-10.676141,-3.5399237,-3.1294765,-0.038619041442871094,-0.043213844299316406,-0.04091644287109375,False,False,
pair_0095,24,02,02,01,pair_0095_happy,pair_0095_sad,upper_prompt__upper_spaced,Listen to the speech. Is the speaker HAPPY or SAD? Answer only HAPPY or SAD., HAPPY, SAD,"[86777, 56]","[328, 1808]",1,17,layer_17,post_decoder_block_output,decision_token,-19.548887252807617,-30.92201042175293,-19.5916748046875,-30.997905731201172,11.373123168945312,11.406230926513672,-19.641453,-30.944279,-19.500614,-30.978289,11.302826,11.4776745,0.0702972412109375,0.07144355773925781,0.07087039947509766,True,True,
pair_0095,24,02,02,01,pair_0095_happy,pair_0095_sad,upper_prompt__upper_spaced,Listen to the speech. Is the speaker HAPPY or SAD? Answer only HAPPY or SAD., HAPPY, SAD,"[86777, 56]","[328, 1808]",2,17,layer_17,post_decoder_block_output,decision_token,-13.644512176513672,-10.291719436645508,-13.669123649597168,-10.311933517456055,-3.352792739868164,-3.3571901321411133,-13.67267,-10.290059,-13.640774,-10.313938,-3.3826113,-3.3268356,0.02981853485107422,0.03035449981689453,0.030086517333984375,True,True,
