pair_id,actor,statement,repetition,intensity,happy_sample_id,sad_sample_id,condition_id,prompt,happy_verbalizer,sad_verbalizer,happy_token_ids,sad_token_ids,layer_index,layer,patch_site,patch_kind,baseline_happy_happy_score,baseline_happy_sad_score,baseline_sad_happy_score,baseline_sad_sad_score,baseline_happy_margin,baseline_sad_margin,patched_happy_target_happy_score,patched_happy_target_sad_score,patched_sad_target_happy_score,patched_sad_target_sad_score,patched_happy_target_margin,patched_sad_target_margin,happy_effect_toward_sad,sad_effect_toward_happy,counterfactual_effect,happy_direction,sad_direction,error
pair_0000,01,01,01,01,pair_0000_happy,pair_0000_sad,upper_prompt__lower_spaced,Listen to the speech. Is the speaker HAPPY or SAD? Answer only HAPPY or SAD., happy, sad,[6247],[12421],17,layer_17,post_decoder_block_output,audio_tokens,-18.784337997436523,-14.192665100097656,-18.59215545654297,-14.119668960571289,-4.591672897338867,-4.47248649597168,-18.75589942932129,-14.032888412475586,-18.633888244628906,-14.265663146972656,-4.723011016845703,-4.36822509765625,0.13133811950683594,0.10426139831542969,0.11779975891113281,True,True,
pair_0001,01,01,02,01,pair_0001_happy,pair_0001_sad,upper_prompt__lower_spaced,Listen to the speech. Is the speaker HAPPY or SAD? Answer only HAPPY or SAD., happy, sad,[6247],[12421],17,layer_17,post_decoder_block_output,audio_tokens,-18.62534523010254,-13.82693862915039,-18.685665130615234,-13.871679306030273,-4.798406600952148,-4.813985824584961,-18.59850311279297,-13.741735458374023,-18.72837257385254,-13.954306602478027,-4.856767654418945,-4.774065971374512,0.058361053466796875,0.03991985321044922,0.04914045333862305,True,True,
pair_0002,01,02,01,01,pair_0002_happy,pair_0002_sad,upper_prompt__lower_spaced,Listen to the speech. Is the speaker HAPPY or SAD? Answer only HAPPY or SAD., happy, sad,[6247],[12421],17,layer_17,post_decoder_block_output,audio_tokens,-18.101184844970703,-14.566595077514648,-18.250112533569336,-14.308186531066895,-3.5345897674560547,-3.9419260025024414,-18.20102310180664,-14.528854370117188,-18.15317726135254,-14.338617324829102,-3.672168731689453,-3.8145599365234375,0.13757896423339844,0.1273660659790039,0.13247251510620117,True,True,
pair_0003,01,02,02,01,pair_0003_happy,pair_0003_sad,upper_prompt__lower_spaced,Listen to the speech. Is the speaker HAPPY or SAD? Answer only HAPPY or SAD., happy, sad,[6247],[12421],17,layer_17,post_decoder_block_output,audio_tokens,-18.006914138793945,-14.501709938049316,-18.291980743408203,-14.688089370727539,-3.505204200744629,-3.603891372680664,-18.150188446044922,-14.532867431640625,-18.14378547668457,-14.671212196350098,-3.617321014404297,-3.4725732803344727,0.11211681365966797,0.1313180923461914,0.12171745300292969,True,True,
pair_0004,02,01,01,01,pair_0004_happy,pair_0004_sad,upper_prompt__lower_spaced,Listen to the speech. Is the speaker HAPPY or SAD? Answer only HAPPY or SAD., happy, sad,[6247],[12421],17,layer_17,post_decoder_block_output,audio_tokens,-18.301326751708984,-14.038238525390625,-18.725671768188477,-13.857430458068848,-4.263088226318359,-4.868241310119629,-18.298757553100586,-13.881199836730957,-18.72808837890625,-14.011162757873535,-4.417557716369629,-4.716925621032715,0.15446949005126953,0.15131568908691406,0.1528925895690918,True,True,
pair_0005,02,01,02,01,pair_0005_happy,pair_0005_sad,upper_prompt__lower_spaced,Listen to the speech. Is the speaker HAPPY or SAD? Answer only HAPPY or SAD., happy, sad,[6247],[12421],17,layer_17,post_decoder_block_output,audio_tokens,-18.589427947998047,-14.114439964294434,-18.74413299560547,-14.046891212463379,-4.474987983703613,-4.69724178314209,-18.650379180908203,-13.959366798400879,-18.673057556152344,-14.196391105651855,-4.691012382507324,-4.476666450500488,0.21602439880371094,0.22057533264160156,0.21829986572265625,True,True,
pair_0006,02,02,01,01,pair_0006_happy,pair_0006_sad,upper_prompt__lower_spaced,Listen to the speech. Is the speaker HAPPY or SAD? Answer only HAPPY or SAD., happy, sad,[6247],[12421],17,layer_17,post_decoder_block_output,audio_tokens,-17.821413040161133,-14.312002182006836,-17.82419204711914,-14.049148559570312,-3.509410858154297,-3.775043487548828,-17.761144638061523,-14.337868690490723,-17.879194259643555,-14.01635456085205,-3.423275947570801,-3.862839698791504,-0.0861349105834961,-0.08779621124267578,-0.08696556091308594,False,False,
pair_0007,02,02,02,01,pair_0007_happy,pair_0007_sad,upper_prompt__lower_spaced,Listen to the speech. Is the speaker HAPPY or SAD? Answer only HAPPY or SAD., happy, sad,[6247],[12421],17,layer_17,post_decoder_block_output,audio_tokens,-17.819889068603516,-14.41187572479248,-17.866769790649414,-14.385616302490234,-3.408013343811035,-3.4811534881591797,-17.69584083557129,-14.47043514251709,-17.981157302856445,-14.322092056274414,-3.225405693054199,-3.6590652465820312,-0.18260765075683594,-0.17791175842285156,-0.18025970458984375,False,False,
pair_0008,03,01,01,01,pair_0008_happy,pair_0008_sad,upper_prompt__lower_spaced,Listen to the speech. Is the speaker HAPPY or SAD? Answer only HAPPY or SAD., happy, sad,[6247],[12421],17,layer_17,post_decoder_block_output,audio_tokens,-18.818166732788086,-14.119091033935547,-18.65387725830078,-14.069162368774414,-4.699075698852539,-4.584714889526367,-18.758420944213867,-14.101263046264648,-18.702394485473633,-14.07611083984375,-4.657157897949219,-4.626283645629883,-0.04191780090332031,-0.041568756103515625,-0.04174327850341797,False,False,
pair_0009,03,01,02,01,pair_0009_happy,pair_0009_sad,upper_prompt__lower_spaced,Listen to the speech. Is the speaker HAPPY or SAD? Answer only HAPPY or SAD., happy, sad,[6247],[12421],17,layer_17,post_decoder_block_output,audio_tokens,-18.729928970336914,-14.011101722717285,-18.5625,-14.185173034667969,-4.718827247619629,-4.377326965332031,-18.65721321105957,-13.964044570922852,-18.63226890563965,-14.231562614440918,-4.693168640136719,-4.4007062911987305,-0.025658607482910156,-0.02337932586669922,-0.024518966674804688,False,False,
pair_0010,03,02,01,01,pair_0010_happy,pair_0010_sad,upper_prompt__lower_spaced,Listen to the speech. Is the speaker HAPPY or SAD? Answer only HAPPY or SAD., happy, sad,[6247],[12421],17,layer_17,post_decoder_block_output,audio_tokens,-18.31175994873047,-14.61680793762207,-17.840412139892578,-14.470471382141113,-3.6949520111083984,-3.369940757751465,-18.32447052001953,-14.626126289367676,-17.831993103027344,-14.463828086853027,-3.6983442306518555,-3.3681650161743164,0.0033922195434570312,0.0017757415771484375,0.0025839805603027344,True,True,
pair_0011,03,02,02,01,pair_0011_happy,pair_0011_sad,upper_prompt__lower_spaced,Listen to the speech. Is the speaker HAPPY or SAD? Answer only HAPPY or SAD., happy, sad,[6247],[12421],17,layer_17,post_decoder_block_output,audio_tokens,-18.231765747070312,-14.706853866577148,-17.838123321533203,-14.506670951843262,-3.524911880493164,-3.3314523696899414,-18.128570556640625,-14.647894859313965,-17.94618034362793,-14.571980476379395,-3.48067569732666,-3.374199867248535,-0.044236183166503906,-0.04274749755859375,-0.04349184036254883,False,False,
pair_0012,04,01,01,01,pair_0012_happy,pair_0012_sad,upper_prompt__lower_spaced,Listen to the speech. Is the speaker HAPPY or SAD? Answer only HAPPY or SAD., happy, sad,[6247],[12421],17,layer_17,post_decoder_block_output,audio_tokens,-18.358745574951172,-13.756012916564941,-18.717449188232422,-13.85068130493164,-4.6027326583862305,-4.866767883300781,-18.56679916381836,-13.615745544433594,-18.51878547668457,-14.002073287963867,-4.951053619384766,-4.516712188720703,0.34832096099853516,0.3500556945800781,0.34918832778930664,True,True,
pair_0013,04,01,02,01,pair_0013_happy,pair_0013_sad,upper_prompt__lower_spaced,Listen to the speech. Is the speaker HAPPY or SAD? Answer only HAPPY or SAD., happy, sad,[6247],[12421],17,layer_17,post_decoder_block_output,audio_tokens,-18.70948600769043,-14.139888763427734,-18.57384490966797,-13.96951675415039,-4.569597244262695,-4.604328155517578,-18.66301155090332,-14.05417251586914,-18.62664031982422,-14.063725471496582,-4.60883903503418,-4.562914848327637,0.039241790771484375,0.041413307189941406,0.04032754898071289,True,True,
pair_0014,04,02,01,01,pair_0014_happy,pair_0014_sad,upper_prompt__lower_spaced,Listen to the speech. Is the speaker HAPPY or SAD? Answer only HAPPY or SAD., happy, sad,[6247],[12421],17,layer_17,post_decoder_block_output,audio_tokens,-17.875215530395508,-14.271656036376953,-17.993194580078125,-14.42282485961914,-3.6035594940185547,-3.5703697204589844,-17.87201499938965,-14.255998611450195,-17.996429443359375,-14.428422927856445,-3.616016387939453,-3.5680065155029297,0.012456893920898438,0.0023632049560546875,0.0074100494384765625,True,True,
pair_0015,04,02,02,01,pair_0015_happy,pair_0015_sad,upper_prompt__lower_spaced,Listen to the speech. Is the speaker HAPPY or SAD? Answer only HAPPY or SAD., happy, sad,[6247],[12421],17,layer_17,post_decoder_block_output,audio_tokens,-17.90298080444336,-14.51931095123291,-18.07615089416504,-14.267594337463379,-3.383669853210449,-3.80855655670166,-18.063457489013672,-14.575976371765137,-17.901626586914062,-14.207535743713379,-3.487481117248535,-3.6940908432006836,0.10381126403808594,0.11446571350097656,0.10913848876953125,True,True,
pair_0016,05,01,01,01,pair_0016_happy,pair_0016_sad,upper_prompt__lower_spaced,Listen to the speech. Is the speaker HAPPY or SAD? Answer only HAPPY or SAD., happy, sad,[6247],[12421],17,layer_17,post_decoder_block_output,audio_tokens,-18.692672729492188,-14.135289192199707,-18.536806106567383,-14.340117454528809,-4.5573835372924805,-4.196688652038574,-18.751745223999023,-14.322535514831543,-18.443880081176758,-14.134444236755371,-4.4292097091674805,-4.309435844421387,-0.128173828125,-0.1127471923828125,-0.12046051025390625,False,False,
pair_0017,05,01,02,01,pair_0017_happy,pair_0017_sad,upper_prompt__lower_spaced,Listen to the speech. Is the speaker HAPPY or SAD? Answer only HAPPY or SAD., happy, sad,[6247],[12421],17,layer_17,post_decoder_block_output,audio_tokens,-18.638935089111328,-14.255763053894043,-18.50379180908203,-13.944811820983887,-4.383172035217285,-4.5589799880981445,-18.638450622558594,-14.132399559020996,-18.510372161865234,-14.05754566192627,-4.506051063537598,-4.452826499938965,0.1228790283203125,0.10615348815917969,0.1145162582397461,True,True,
pair_0018,05,02,01,01,pair_0018_happy,pair_0018_sad,upper_prompt__lower_spaced,Listen to the speech. Is the speaker HAPPY or SAD? Answer only HAPPY or SAD., happy, sad,[6247],[12421],17,layer_17,post_decoder_block_output,audio_tokens,-18.000730514526367,-14.714016914367676,-18.26675796508789,-14.785633087158203,-3.2867136001586914,-3.4811248779296875,-18.15530014038086,-14.92945384979248,-18.12106704711914,-14.583504676818848,-3.225846290588379,-3.537562370300293,-0.0608673095703125,-0.05643749237060547,-0.058652400970458984,False,False,
pair_0019,05,02,02,01,pair_0019_happy,pair_0019_sad,upper_prompt__lower_spaced,Listen to the speech. Is the speaker HAPPY or SAD? Answer only HAPPY or SAD., happy, sad,[6247],[12421],17,layer_17,post_decoder_block_output,audio_tokens,-18.202608108520508,-14.727049827575684,-17.76186752319336,-14.475021362304688,-3.475558280944824,-3.286846160888672,-18.025226593017578,-14.582590103149414,-17.93720817565918,-14.608953475952148,-3.442636489868164,-3.3282546997070312,-0.032921791076660156,-0.041408538818359375,-0.037165164947509766,False,False,
pair_0020,06,01,01,01,pair_0020_happy,pair_0020_sad,upper_prompt__lower_spaced,Listen to the speech. Is the speaker HAPPY or SAD? Answer only HAPPY or SAD., happy, sad,[6247],[12421],17,layer_17,post_decoder_block_output,audio_tokens,-18.270139694213867,-14.0554780960083,-18.622514724731445,-14.09838581085205,-4.214661598205566,-4.5241289138793945,-18.414548873901367,-14.02036190032959,-18.474882125854492,-14.130912780761719,-4.394186973571777,-4.343969345092773,0.17952537536621094,0.1801595687866211,0.17984247207641602,True,True,
pair_0021,06,01,02,01,pair_0021_happy,pair_0021_sad,upper_prompt__lower_spaced,Listen to the speech. Is the speaker HAPPY or SAD? Answer only HAPPY or SAD., happy, sad,[6247],[12421],17,layer_17,post_decoder_block_output,audio_tokens,-18.518516540527344,-14.262524604797363,-18.693706512451172,-14.079412460327148,-4.2559919357299805,-4.614294052124023,-18.53440284729004,-14.145896911621094,-18.69407081604004,-14.198806762695312,-4.388505935668945,-4.495264053344727,0.13251399993896484,0.11902999877929688,0.12577199935913086,True,True,
pair_0022,06,02,01,01,pair_0022_happy,pair_0022_sad,upper_prompt__lower_spaced,Listen to the speech. Is the speaker HAPPY or SAD? Answer only HAPPY or SAD., happy, sad,[6247],[12421],17,layer_17,post_decoder_block_output,audio_tokens,-18.048234939575195,-14.446083068847656,-18.00354766845703,-14.538506507873535,-3.602151870727539,-3.465041160583496,-18.217823028564453,-14.508763313293457,-17.821617126464844,-14.467519760131836,-3.709059715270996,-3.354097366333008,0.10690784454345703,0.11094379425048828,0.10892581939697266,True,True,
pair_0023,06,02,02,01,pair_0023_happy,pair_0023_sad,upper_prompt__lower_spaced,Listen to the speech. Is the speaker HAPPY or SAD? Answer only HAPPY or SAD., happy, sad,[6247],[12421],17,layer_17,post_decoder_block_output,audio_tokens,-17.950851440429688,-14.493545532226562,-18.027484893798828,-14.372323989868164,-3.457305908203125,-3.655160903930664,-18.0632381439209,-14.530879020690918,-17.918235778808594,-14.337878227233887,-3.5323591232299805,-3.580357551574707,0.07505321502685547,0.07480335235595703,0.07492828369140625,True,True,
pair_0024,07,01,01,01,pair_0024_happy,pair_0024_sad,upper_prompt__lower_spaced,Listen to the speech. Is the speaker HAPPY or SAD? Answer only HAPPY or SAD., happy, sad,[6247],[12421],17,layer_17,post_decoder_block_output,audio_tokens,-18.09006118774414,-13.70536994934082,-18.24040985107422,-14.0731840133667,-4.38469123840332,-4.1672258377075195,-18.102415084838867,-13.861517906188965,-18.21500015258789,-13.918299674987793,-4.240897178649902,-4.296700477600098,-0.14379405975341797,-0.12947463989257812,-0.13663434982299805,False,False,
pair_0025,07,01,02,01,pair_0025_happy,pair_0025_sad,upper_prompt__lower_spaced,Listen to the speech. Is the speaker HAPPY or SAD? Answer only HAPPY or SAD., happy, sad,[6247],[12421],17,layer_17,post_decoder_block_output,audio_tokens,-18.489057540893555,-13.88498592376709,-18.49165916442871,-13.795110702514648,-4.604071617126465,-4.6965484619140625,-18.545949935913086,-13.92000961303711,-18.43077850341797,-13.765021324157715,-4.625940322875977,-4.665757179260254,0.02186870574951172,0.030791282653808594,0.026329994201660156,True,True,
pair_0026,07,02,01,01,pair_0026_happy,pair_0026_sad,upper_prompt__lower_spaced,Listen to the speech. Is the speaker HAPPY or SAD? Answer only HAPPY or SAD., happy, sad,[6247],[12421],17,layer_17,post_decoder_block_output,audio_tokens,-18.1934757232666,-14.413429260253906,-18.108972549438477,-14.478107452392578,-3.7800464630126953,-3.6308650970458984,-18.07926368713379,-14.370295524597168,-18.219247817993164,-14.519583702087402,-3.708968162536621,-3.6996641159057617,-0.07107830047607422,-0.06879901885986328,-0.06993865966796875,False,False,
pair_0027,07,02,02,01,pair_0027_happy,pair_0027_sad,upper_prompt__lower_spaced,Listen to the speech. Is the speaker HAPPY or SAD? Answer only HAPPY or SAD., happy, sad,[6247],[12421],17,layer_17,post_decoder_block_output,audio_tokens,-18.1934757232666,-14.413429260253906,-17.917301177978516,-14.347782135009766,-3.7800464630126953,-3.56951904296875,-18.162425994873047,-14.434249877929688,-17.93910789489746,-14.328973770141602,-3.7281761169433594,-3.6101341247558594,-0.05187034606933594,-0.040615081787109375,-0.046242713928222656,False,False,
pair_0028,08,01,01,01,pair_0028_happy,pair_0028_sad,upper_prompt__lower_spaced,Listen to the speech. Is the speaker HAPPY or SAD? Answer only HAPPY or SAD., happy, sad,[6247],[12421],17,layer_17,post_decoder_block_output,audio_tokens,-17.895870208740234,-14.022705078125,-18.853595733642578,-13.817150115966797,-3.8731651306152344,-5.036445617675781,-18.13959312438965,-13.865462303161621,-18.634607315063477,-13.982498168945312,-4.274130821228027,-4.652109146118164,0.40096569061279297,0.3843364715576172,0.3926510810852051,True,True,
pair_0029,08,01,02,01,pair_0029_happy,pair_0029_sad,upper_prompt__lower_spaced,Listen to the speech. Is the speaker HAPPY or SAD? Answer only HAPPY or SAD., happy, sad,[6247],[12421],17,layer_17,post_decoder_block_output,audio_tokens,-18.307472229003906,-13.782498359680176,-17.66484260559082,-13.374154090881348,-4.5249738693237305,-4.290688514709473,-18.34995460510254,-13.692431449890137,-17.681339263916016,-13.439674377441406,-4.657523155212402,-4.241664886474609,0.13254928588867188,0.04902362823486328,0.09078645706176758,True,True,
pair_0030,08,02,01,01,pair_0030_happy,pair_0030_sad,upper_prompt__lower_spaced,Listen to the speech. Is the speaker HAPPY or SAD? Answer only HAPPY or SAD., happy, sad,[6247],[12421],17,layer_17,post_decoder_block_output,audio_tokens,-17.869657516479492,-13.974630355834961,-17.25248908996582,-14.594927787780762,-3.8950271606445312,-2.6575613021850586,-17.466644287109375,-14.255681991577148,-17.758182525634766,-14.300164222717285,-3.2109622955322266,-3.4580183029174805,-0.6840648651123047,-0.8004570007324219,-0.7422609329223633,False,False,
pair_0031,08,02,02,01,pair_0031_happy,pair_0031_sad,upper_prompt__lower_spaced,Listen to the speech. Is the speaker HAPPY or SAD? Answer only HAPPY or SAD., happy, sad,[6247],[12421],17,layer_17,post_decoder_block_output,audio_tokens,-17.836416244506836,-14.024099349975586,-18.205785751342773,-14.933714866638184,-3.81231689453125,-3.27207088470459,-18.20206642150879,-14.541820526123047,-17.74272346496582,-14.185293197631836,-3.660245895385742,-3.5574302673339844,-0.1520709991455078,-0.28535938262939453,-0.21871519088745117,False,False,
pair_0032,09,01,01,01,pair_0032_happy,pair_0032_sad,upper_prompt__lower_spaced,Listen to the speech. Is the speaker HAPPY or SAD? Answer only HAPPY or SAD., happy, sad,[6247],[12421],17,layer_17,post_decoder_block_output,audio_tokens,-18.71563148498535,-14.05175495147705,-18.32554054260254,-13.615287780761719,-4.663876533508301,-4.71025276184082,-18.611371994018555,-13.942024230957031,-18.40557861328125,-13.707232475280762,-4.669347763061523,-4.698346138000488,0.005471229553222656,0.011906623840332031,0.008688926696777344,True,True,
pair_0033,09,01,02,01,pair_0033_happy,pair_0033_sad,upper_prompt__lower_spaced,Listen to the speech. Is the speaker HAPPY or SAD? Answer only HAPPY or SAD., happy, sad,[6247],[12421],17,layer_17,post_decoder_block_output,audio_tokens,-18.97260284423828,-13.914822578430176,-17.69182014465332,-13.4166841506958,-5.0577802658081055,-4.2751359939575195,-18.761117935180664,-13.691110610961914,-17.80790138244629,-13.633859634399414,-5.07000732421875,-4.174041748046875,0.012227058410644531,0.10109424591064453,0.05666065216064453,True,True,
pair_0034,09,02,01,01,pair_0034_happy,pair_0034_sad,upper_prompt__lower_spaced,Listen to the speech. Is the speaker HAPPY or SAD? Answer only HAPPY or SAD., happy, sad,[6247],[12421],17,layer_17,post_decoder_block_output,audio_tokens,-18.46145248413086,-14.497332572937012,-18.005985260009766,-14.08935832977295,-3.9641199111938477,-3.9166269302368164,-18.229816436767578,-14.276479721069336,-18.20899772644043,-14.317529678344727,-3.953336715698242,-3.891468048095703,-0.010783195495605469,0.02515888214111328,0.007187843322753906,False,True,
pair_0035,09,02,02,01,pair_0035_happy,pair_0035_sad,upper_prompt__lower_spaced,Listen to the speech. Is the speaker HAPPY or SAD? Answer only HAPPY or SAD., happy, sad,[6247],[12421],17,layer_17,post_decoder_block_output,audio_tokens,-18.263702392578125,-14.721343994140625,-18.236169815063477,-13.951910018920898,-3.5423583984375,-4.284259796142578,-18.27265167236328,-14.334593772888184,-18.21415138244629,-14.323103904724121,-3.9380578994750977,-3.891047477722168,0.39569950103759766,0.39321231842041016,0.3944559097290039,True,True,
pair_0036,10,01,01,01,pair_0036_happy,pair_0036_sad,upper_prompt__lower_spaced,Listen to the speech. Is the speaker HAPPY or SAD? Answer only HAPPY or SAD., happy, sad,[6247],[12421],17,layer_17,post_decoder_block_output,audio_tokens,-18.43072509765625,-14.279913902282715,-18.52195167541504,-13.862289428710938,-4.150811195373535,-4.659662246704102,-18.29741859436035,-14.14836597442627,-18.65691566467285,-13.974299430847168,-4.149052619934082,-4.682616233825684,-0.001758575439453125,-0.02295398712158203,-0.012356281280517578,False,False,
pair_0037,10,01,02,01,pair_0037_happy,pair_0037_sad,upper_prompt__lower_spaced,Listen to the speech. Is the speaker HAPPY or SAD? Answer only HAPPY or SAD., happy, sad,[6247],[12421],17,layer_17,post_decoder_block_output,audio_tokens,-18.536893844604492,-14.135092735290527,-18.385366439819336,-13.990771293640137,-4.401801109313965,-4.394595146179199,-18.639423370361328,-14.11817741394043,-18.298664093017578,-14.00822925567627,-4.521245956420898,-4.290434837341309,0.1194448471069336,0.10416030883789062,0.11180257797241211,True,True,
pair_0038,10,02,01,01,pair_0038_happy,pair_0038_sad,upper_prompt__lower_spaced,Listen to the speech. Is the speaker HAPPY or SAD? Answer only HAPPY or SAD., happy, sad,[6247],[12421],17,layer_17,post_decoder_block_output,audio_tokens,-18.626100540161133,-14.971156120300293,-18.138322830200195,-15.568587303161621,-3.65494441986084,-2.569735527038574,-18.782922744750977,-15.195494651794434,-17.841018676757812,-15.177474975585938,-3.587428092956543,-2.663543701171875,-0.06751632690429688,-0.09380817413330078,-0.08066225051879883,False,False,
pair_0039,10,02,02,01,pair_0039_happy,pair_0039_sad,upper_prompt__lower_spaced,Listen to the speech. Is the speaker HAPPY or SAD? Answer only HAPPY or SAD., happy, sad,[6247],[12421],17,layer_17,post_decoder_block_output,audio_tokens,-17.940845489501953,-14.391155242919922,-18.010360717773438,-14.663244247436523,-3.5496902465820312,-3.347116470336914,-17.87895393371582,-14.412604331970215,-18.036849975585938,-14.600971221923828,-3.4663496017456055,-3.4358787536621094,-0.08334064483642578,-0.08876228332519531,-0.08605146408081055,False,False,
pair_0040,11,01,01,01,pair_0040_happy,pair_0040_sad,upper_prompt__lower_spaced,Listen to the speech. Is the speaker HAPPY or SAD? Answer only HAPPY or SAD., happy, sad,[6247],[12421],17,layer_17,post_decoder_block_output,audio_tokens,-18.623796463012695,-14.394556045532227,-18.4024658203125,-13.74590015411377,-4.229240417480469,-4.6565656661987305,-18.532331466674805,-14.0721435546875,-18.539159774780273,-14.106451034545898,-4.460187911987305,-4.432708740234375,0.23094749450683594,0.22385692596435547,0.2274022102355957,True,True,
pair_0041,11,01,02,01,pair_0041_happy,pair_0041_sad,upper_prompt__lower_spaced,Listen to the speech. Is the speaker HAPPY or SAD? Answer only HAPPY or SAD., happy, sad,[6247],[12421],17,layer_17,post_decoder_block_output,audio_tokens,-18.812341690063477,-14.09249210357666,-18.785491943359375,-13.815770149230957,-4.719849586486816,-4.969721794128418,-18.62929344177246,-13.874248504638672,-18.967041015625,-14.02023983001709,-4.755044937133789,-4.94680118560791,0.035195350646972656,0.022920608520507812,0.029057979583740234,True,True,
pair_0042,11,02,01,01,pair_0042_happy,pair_0042_sad,upper_prompt__lower_spaced,Listen to the speech. Is the speaker HAPPY or SAD? Answer only HAPPY or SAD., happy, sad,[6247],[12421],17,layer_17,post_decoder_block_output,audio_tokens,-18.23929214477539,-14.638985633850098,-17.918140411376953,-14.4312105178833,-3.600306510925293,-3.4869298934936523,-18.19727325439453,-14.498714447021484,-17.96476936340332,-14.568755149841309,-3.698558807373047,-3.3960142135620117,0.0982522964477539,0.09091567993164062,0.09458398818969727,True,True,
pair_0043,11,02,02,01,pair_0043_happy,pair_0043_sad,upper_prompt__lower_spaced,Listen to the speech. Is the speaker HAPPY or SAD? Answer only HAPPY or SAD., happy, sad,[6247],[12421],17,layer_17,post_decoder_block_output,audio_tokens,-18.15532684326172,-14.518304824829102,-17.905120849609375,-14.42210578918457,-3.637022018432617,-3.4830150604248047,-18.17019271850586,-14.505487442016602,-17.89012908935547,-14.434830665588379,-3.664705276489258,-3.45529842376709,0.027683258056640625,0.027716636657714844,0.027699947357177734,True,True,
pair_0044,12,01,01,01,pair_0044_happy,pair_0044_sad,upper_prompt__lower_spaced,Listen to the speech. Is the speaker HAPPY or SAD? Answer only HAPPY or SAD., happy, sad,[6247],[12421],17,layer_17,post_decoder_block_output,audio_tokens,-18.62382698059082,-13.893119812011719,-18.424034118652344,-13.92949390411377,-4.730707168579102,-4.494540214538574,-18.643680572509766,-13.806185722351074,-18.40130615234375,-14.020220756530762,-4.837494850158691,-4.381085395812988,0.10678768157958984,0.11345481872558594,0.11012125015258789,True,True,
pair_0045,12,01,02,01,pair_0045_happy,pair_0045_sad,upper_prompt__lower_spaced,Listen to the speech. Is the speaker HAPPY or SAD? Answer only HAPPY or SAD., happy, sad,[6247],[12421],17,layer_17,post_decoder_block_output,audio_tokens,-18.557336807250977,-14.15941333770752,-18.611474990844727,-14.103328704833984,-4.397923469543457,-4.508146286010742,-18.65456199645996,-14.197492599487305,-18.50545883178711,-14.061819076538086,-4.457069396972656,-4.443639755249023,0.05914592742919922,0.06450653076171875,0.061826229095458984,True,True,
pair_0046,12,02,01,01,pair_0046_happy,pair_0046_sad,upper_prompt__lower_spaced,Listen to the speech. Is the speaker HAPPY or SAD? Answer only HAPPY or SAD., happy, sad,[6247],[12421],17,layer_17,post_decoder_block_output,audio_tokens,-18.1330623626709,-14.706695556640625,-18.050931930541992,-14.204154014587402,-3.4263668060302734,-3.84677791595459,-18.12424659729004,-14.66356086730957,-18.053979873657227,-14.236270904541016,-3.4606857299804688,-3.817708969116211,0.03431892395019531,0.029068946838378906,0.03169393539428711,True,True,
pair_0047,12,02,02,01,pair_0047_happy,pair_0047_sad,upper_prompt__lower_spaced,Listen to the speech. Is the speaker HAPPY or SAD? Answer only HAPPY or SAD., happy, sad,[6247],[12421],17,layer_17,post_decoder_block_output,audio_tokens,-18.207361221313477,-14.713201522827148,-18.167673110961914,-14.448575019836426,-3.494159698486328,-3.7190980911254883,-17.974464416503906,-14.655799865722656,-18.408771514892578,-14.51186466217041,-3.31866455078125,-3.896906852722168,-0.17549514770507812,-0.1778087615966797,-0.1766519546508789,False,False,
pair_0048,13,01,01,01,pair_0048_happy,pair_0048_sad,upper_prompt__lower_spaced,Listen to the speech. Is the speaker HAPPY or SAD? Answer only HAPPY or SAD., happy, sad,[6247],[12421],17,layer_17,post_decoder_block_output,audio_tokens,-18.664913177490234,-14.320459365844727,-18.376577377319336,-13.990562438964844,-4.344453811645508,-4.386014938354492,-18.46137809753418,-14.153155326843262,-18.554317474365234,-14.131022453308105,-4.308222770690918,-4.423295021057129,-0.036231040954589844,-0.03728008270263672,-0.03675556182861328,False,False,
pair_0049,13,01,02,01,pair_0049_happy,pair_0049_sad,upper_prompt__lower_spaced,Listen to the speech. Is the speaker HAPPY or SAD? Answer only HAPPY or SAD., happy, sad,[6247],[12421],17,layer_17,post_decoder_block_output,audio_tokens,-18.525012969970703,-14.230103492736816,-18.583324432373047,-14.079850196838379,-4.294909477233887,-4.503474235534668,-18.76070785522461,-14.352710723876953,-18.37306785583496,-13.969392776489258,-4.407997131347656,-4.403675079345703,0.11308765411376953,0.09979915618896484,0.10644340515136719,True,True,
pair_0050,13,02,01,01,pair_0050_happy,pair_0050_sad,upper_prompt__lower_spaced,Listen to the speech. Is the speaker HAPPY or SAD? Answer only HAPPY or SAD., happy, sad,[6247],[12421],17,layer_17,post_decoder_block_output,audio_tokens,-18.306961059570312,-15.119586944580078,-17.864843368530273,-14.535221099853516,-3.1873741149902344,-3.329622268676758,-18.16991424560547,-15.004658699035645,-18.00926399230957,-14.66075325012207,-3.165255546569824,-3.3485107421875,-0.022118568420410156,-0.018888473510742188,-0.020503520965576172,False,False,
pair_0051,13,02,02,01,pair_0051_happy,pair_0051_sad,upper_prompt__lower_spaced,Listen to the speech. Is the speaker HAPPY or SAD? Answer only HAPPY or SAD., happy, sad,[6247],[12421],17,layer_17,post_decoder_block_output,audio_tokens,-18.100208282470703,-14.651471138000488,-17.757957458496094,-14.480119705200195,-3.448737144470215,-3.2778377532958984,-18.061511993408203,-14.612507820129395,-17.799976348876953,-14.51753044128418,-3.4490041732788086,-3.2824459075927734,0.00026702880859375,-0.004608154296875,-0.002170562744140625,True,False,
pair_0052,14,01,01,01,pair_0052_happy,pair_0052_sad,upper_prompt__lower_spaced,Listen to the speech. Is the speaker HAPPY or SAD? Answer only HAPPY or SAD., happy, sad,[6247],[12421],17,layer_17,post_decoder_block_output,audio_tokens,-18.30115509033203,-14.129631996154785,-18.541845321655273,-13.755435943603516,-4.171523094177246,-4.786409378051758,-18.12256622314453,-13.961313247680664,-18.735980987548828,-13.91856861114502,-4.161252975463867,-4.817412376403809,-0.010270118713378906,-0.03100299835205078,-0.020636558532714844,False,False,
pair_0053,14,01,02,01,pair_0053_happy,pair_0053_sad,upper_prompt__lower_spaced,Listen to the speech. Is the speaker HAPPY or SAD? Answer only HAPPY or SAD., happy, sad,[6247],[12421],17,layer_17,post_decoder_block_output,audio_tokens,-18.31179428100586,-14.19974422454834,-18.716501235961914,-14.0404052734375,-4.1120500564575195,-4.676095962524414,-18.427961349487305,-14.220475196838379,-18.578371047973633,-14.008648872375488,-4.207486152648926,-4.5697221755981445,0.09543609619140625,0.10637378692626953,0.10090494155883789,True,True,
pair_0054,14,02,01,01,pair_0054_happy,pair_0054_sad,upper_prompt__lower_spaced,Listen to the speech. Is the speaker HAPPY or SAD? Answer only HAPPY or SAD., happy, sad,[6247],[12421],17,layer_17,post_decoder_block_output,audio_tokens,-18.179431915283203,-14.604537963867188,-18.362808227539062,-14.593923568725586,-3.5748939514160156,-3.7688846588134766,-18.15403938293457,-14.542336463928223,-18.41128921508789,-14.661869049072266,-3.6117029190063477,-3.749420166015625,0.03680896759033203,0.019464492797851562,0.028136730194091797,True,True,
pair_0055,14,02,02,01,pair_0055_happy,pair_0055_sad,upper_prompt__lower_spaced,Listen to the speech. Is the speaker HAPPY or SAD? Answer only HAPPY or SAD., happy, sad,[6247],[12421],17,layer_17,post_decoder_block_output,audio_tokens,-18.11598014831543,-14.773356437683105,-18.366622924804688,-14.505785942077637,-3.342623710632324,-3.860836982727051,-18.29342269897461,-14.765318870544434,-18.191911697387695,-14.517350196838379,-3.528103828430176,-3.6745615005493164,0.18548011779785156,0.18627548217773438,0.18587779998779297,True,True,
pair_0056,15,01,01,01,pair_0056_happy,pair_0056_sad,upper_prompt__lower_spaced,Listen to the speech. Is the speaker HAPPY or SAD? Answer only HAPPY or SAD., happy, sad,[6247],[12421],17,layer_17,post_decoder_block_output,audio_tokens,-18.614431381225586,-14.383585929870605,-18.931833267211914,-14.995478630065918,-4.2308454513549805,-3.936354637145996,-19.005390167236328,-14.974174499511719,-18.554441452026367,-14.43301010131836,-4.031215667724609,-4.121431350708008,-0.1996297836303711,-0.18507671356201172,-0.1923532485961914,False,False,
pair_0057,15,01,02,01,pair_0057_happy,pair_0057_sad,upper_prompt__lower_spaced,Listen to the speech. Is the speaker HAPPY or SAD? Answer only HAPPY or SAD., happy, sad,[6247],[12421],17,layer_17,post_decoder_block_output,audio_tokens,-18.798620223999023,-14.357476234436035,-18.458749771118164,-14.200200080871582,-4.441143989562988,-4.258549690246582,-18.796445846557617,-14.337516784667969,-18.469463348388672,-14.224244117736816,-4.458929061889648,-4.2452192306518555,0.017785072326660156,0.013330459594726562,0.01555776596069336,True,True,
pair_0058,15,02,01,01,pair_0058_happy,pair_0058_sad,upper_prompt__lower_spaced,Listen to the speech. Is the speaker HAPPY or SAD? Answer only HAPPY or SAD., happy, sad,[6247],[12421],17,layer_17,post_decoder_block_output,audio_tokens,-18.081218719482422,-14.281206130981445,-18.09486961364746,-14.704352378845215,-3.8000125885009766,-3.390517234802246,-18.204383850097656,-14.406435012817383,-17.96555519104004,-14.575298309326172,-3.7979488372802734,-3.390256881713867,-0.002063751220703125,0.00026035308837890625,-0.0009016990661621094,False,True,
pair_0059,15,02,02,01,pair_0059_happy,pair_0059_sad,upper_prompt__lower_spaced,Listen to the speech. Is the speaker HAPPY or SAD? Answer only HAPPY or SAD., happy, sad,[6247],[12421],17,layer_17,post_decoder_block_output,audio_tokens,-18.11525535583496,-14.52250862121582,-18.730762481689453,-14.458134651184082,-3.5927467346191406,-4.272627830505371,-18.415666580200195,-14.674043655395508,-18.360889434814453,-14.232537269592285,-3.7416229248046875,-4.128352165222168,0.14887619018554688,0.14427566528320312,0.146575927734375,True,True,
pair_0060,16,01,01,01,pair_0060_happy,pair_0060_sad,upper_prompt__lower_spaced,Listen to the speech. Is the speaker HAPPY or SAD? Answer only HAPPY or SAD., happy, sad,[6247],[12421],17,layer_17,post_decoder_block_output,audio_tokens,-18.571680068969727,-13.818909645080566,-18.521808624267578,-13.838467597961426,-4.75277042388916,-4.683341026306152,-18.637182235717773,-13.79104232788086,-18.456592559814453,-13.85968017578125,-4.846139907836914,-4.596912384033203,0.0933694839477539,0.08642864227294922,0.08989906311035156,True,True,
pair_0061,16,01,02,01,pair_0061_happy,pair_0061_sad,upper_prompt__lower_spaced,Listen to the speech. Is the speaker HAPPY or SAD? Answer only HAPPY or SAD., happy, sad,[6247],[12421],17,layer_17,post_decoder_block_output,audio_tokens,-18.674955368041992,-14.01839542388916,-18.26150131225586,-14.158429145812988,-4.656559944152832,-4.103072166442871,-18.90310287475586,-14.123910903930664,-18.04599952697754,-14.072614669799805,-4.779191970825195,-3.9733848571777344,0.12263202667236328,0.12968730926513672,0.12615966796875,True,True,
pair_0062,16,02,01,01,pair_0062_happy,pair_0062_sad,upper_prompt__lower_spaced,Listen to the speech. Is the speaker HAPPY or SAD? Answer only HAPPY or SAD., happy, sad,[6247],[12421],17,layer_17,post_decoder_block_output,audio_tokens,-18.027568817138672,-14.464719772338867,-17.90529441833496,-14.368427276611328,-3.5628490447998047,-3.536867141723633,-18.056108474731445,-14.514897346496582,-17.875303268432617,-14.30967903137207,-3.5412111282348633,-3.565624237060547,-0.021637916564941406,-0.028757095336914062,-0.025197505950927734,False,False,
pair_0063,16,02,02,01,pair_0063_happy,pair_0063_sad,upper_prompt__lower_spaced,Listen to the speech. Is the speaker HAPPY or SAD? Answer only HAPPY or SAD., happy, sad,[6247],[12421],17,layer_17,post_decoder_block_output,audio_tokens,-17.94687271118164,-14.69902515411377,-18.040203094482422,-14.327467918395996,-3.247847557067871,-3.712735176086426,-17.963747024536133,-14.575796127319336,-18.01246452331543,-14.434703826904297,-3.387950897216797,-3.577760696411133,0.14010334014892578,0.13497447967529297,0.13753890991210938,True,True,
pair_0064,17,01,01,01,pair_0064_happy,pair_0064_sad,upper_prompt__lower_spaced,Listen to the speech. Is the speaker HAPPY or SAD? Answer only HAPPY or SAD., happy, sad,[6247],[12421],17,layer_17,post_decoder_block_output,audio_tokens,-18.533706665039062,-14.080385208129883,-18.318815231323242,-13.884380340576172,-4.45332145690918,-4.43443489074707,-18.353618621826172,-13.994380950927734,-18.497451782226562,-13.965168952941895,-4.3592376708984375,-4.532282829284668,-0.09408378601074219,-0.09784793853759766,-0.09596586227416992,False,False,
pair_0065,17,01,02,01,pair_0065_happy,pair_0065_sad,upper_prompt__lower_spaced,Listen to the speech. Is the speaker HAPPY or SAD? Answer only HAPPY or SAD., happy, sad,[6247],[12421],17,layer_17,post_decoder_block_output,audio_tokens,-18.401418685913086,-14.052645683288574,-18.25725746154785,-13.967479705810547,-4.348773002624512,-4.289777755737305,-18.39739990234375,-14.011717796325684,-18.276363372802734,-14.000027656555176,-4.385682106018066,-4.276335716247559,0.03690910339355469,0.013442039489746094,0.02517557144165039,True,True,
pair_0066,17,02,01,01,pair_0066_happy,pair_0066_sad,upper_prompt__lower_spaced,Listen to the speech. Is the speaker HAPPY or SAD? Answer only HAPPY or SAD., happy, sad,[6247],[12421],17,layer_17,post_decoder_block_output,audio_tokens,-18.203441619873047,-14.283772468566895,-18.37724494934082,-14.227227210998535,-3.9196691513061523,-4.150017738342285,-18.272287368774414,-14.309125900268555,-18.316482543945312,-14.206036567687988,-3.9631614685058594,-4.110445976257324,0.04349231719970703,0.03957176208496094,0.041532039642333984,True,True,
pair_0067,17,02,02,01,pair_0067_happy,pair_0067_sad,upper_prompt__lower_spaced,Listen to the speech. Is the speaker HAPPY or SAD? Answer only HAPPY or SAD., happy, sad,[6247],[12421],17,layer_17,post_decoder_block_output,audio_tokens,-18.189525604248047,-14.367218017578125,-18.002729415893555,-14.506258010864258,-3.822307586669922,-3.496471405029297,-18.05308723449707,-14.296470642089844,-18.156841278076172,-14.602943420410156,-3.7566165924072266,-3.5538978576660156,-0.06569099426269531,-0.05742645263671875,-0.06155872344970703,False,False,
pair_0068,18,01,01,01,pair_0068_happy,pair_0068_sad,upper_prompt__lower_spaced,Listen to the speech. Is the speaker HAPPY or SAD? Answer only HAPPY or SAD., happy, sad,[6247],[12421],17,layer_17,post_decoder_block_output,audio_tokens,-18.210012435913086,-14.200634002685547,-18.49770736694336,-14.28528118133545,-4.009378433227539,-4.21242618560791,-18.147912979125977,-14.406285285949707,-18.58623504638672,-14.10006046295166,-3.7416276931762695,-4.486174583435059,-0.26775074005126953,-0.27374839782714844,-0.270749568939209,False,False,
pair_0069,18,01,02,01,pair_0069_happy,pair_0069_sad,upper_prompt__lower_spaced,Listen to the speech. Is the speaker HAPPY or SAD? Answer only HAPPY or SAD., happy, sad,[6247],[12421],17,layer_17,post_decoder_block_output,audio_tokens,-18.684219360351562,-14.944689750671387,-18.647714614868164,-14.22707748413086,-3.739529609680176,-4.420637130737305,-18.15234375,-14.536189079284668,-19.240158081054688,-14.708477020263672,-3.616154670715332,-4.531681060791016,-0.12337493896484375,-0.11104393005371094,-0.11720943450927734,False,False,
pair_0070,18,02,01,01,pair_0070_happy,pair_0070_sad,upper_prompt__lower_spaced,Listen to the speech. Is the speaker HAPPY or SAD? Answer only HAPPY or SAD., happy, sad,[6247],[12421],17,layer_17,post_decoder_block_output,audio_tokens,-18.257858276367188,-14.408829689025879,-18.45116424560547,-14.356088638305664,-3.8490285873413086,-4.095075607299805,-18.24444580078125,-14.46175479888916,-18.44571876525879,-14.31186294555664,-3.78269100189209,-4.133855819702148,-0.06633758544921875,-0.03878021240234375,-0.05255889892578125,False,False,
pair_0071,18,02,02,01,pair_0071_happy,pair_0071_sad,upper_prompt__lower_spaced,Listen to the speech. Is the speaker HAPPY or SAD? Answer only HAPPY or SAD., happy, sad,[6247],[12421],17,layer_17,post_decoder_block_output,audio_tokens,-18.145662307739258,-13.863798141479492,-18.30503273010254,-14.476175308227539,-4.281864166259766,-3.828857421875,-18.58311653137207,-13.838277816772461,-18.220739364624023,-14.633658409118652,-4.744838714599609,-3.587080955505371,0.46297454833984375,0.2417764663696289,0.35237550735473633,True,True,
pair_0072,19,01,01,01,pair_0072_happy,pair_0072_sad,upper_prompt__lower_spaced,Listen to the speech. Is the speaker HAPPY or SAD? Answer only HAPPY or SAD., happy, sad,[6247],[12421],17,layer_17,post_decoder_block_output,audio_tokens,-18.514738082885742,-14.067811965942383,-18.540695190429688,-13.83083438873291,-4.446926116943359,-4.709860801696777,-18.620216369628906,-13.983414649963379,-18.44173812866211,-13.903815269470215,-4.636801719665527,-4.5379228591918945,0.18987560272216797,0.1719379425048828,0.1809067726135254,True,True,
pair_0073,19,01,02,01,pair_0073_happy,pair_0073_sad,upper_prompt__lower_spaced,Listen to the speech. Is the speaker HAPPY or SAD? Answer only HAPPY or SAD., happy, sad,[6247],[12421],17,layer_17,post_decoder_block_output,audio_tokens,-18.675731658935547,-13.967928886413574,-18.710811614990234,-14.28913688659668,-4.707802772521973,-4.421674728393555,-19.019664764404297,-14.004912376403809,-18.39129066467285,-14.268518447875977,-5.014752388000488,-4.122772216796875,0.3069496154785156,0.2989025115966797,0.30292606353759766,True,True,
pair_0074,19,02,01,01,pair_0074_happy,pair_0074_sad,upper_prompt__lower_spaced,Listen to the speech. Is the speaker HAPPY or SAD? Answer only HAPPY or SAD., happy, sad,[6247],[12421],17,layer_17,post_decoder_block_output,audio_tokens,-18.20193099975586,-14.081350326538086,-18.033628463745117,-12.836380004882812,-4.120580673217773,-5.197248458862305,-18.523422241210938,-13.882256507873535,-17.669340133666992,-13.006158828735352,-4.641165733337402,-4.663181304931641,0.5205850601196289,0.5340671539306641,0.5273261070251465,True,True,
pair_0075,19,02,02,01,pair_0075_happy,pair_0075_sad,upper_prompt__lower_spaced,Listen to the speech. Is the speaker HAPPY or SAD? Answer only HAPPY or SAD., happy, sad,[6247],[12421],17,layer_17,post_decoder_block_output,audio_tokens,-17.312185287475586,-14.008975982666016,-17.768232345581055,-14.52195930480957,-3.3032093048095703,-3.2462730407714844,-17.575180053710938,-13.920427322387695,-17.470151901245117,-14.591623306274414,-3.654752731323242,-2.878528594970703,0.3515434265136719,0.36774444580078125,0.35964393615722656,True,True,
pair_0076,20,01,01,01,pair_0076_happy,pair_0076_sad,upper_prompt__lower_spaced,Listen to the speech. Is the speaker HAPPY or SAD? Answer only HAPPY or SAD., happy, sad,[6247],[12421],17,layer_17,post_decoder_block_output,audio_tokens,-18.47559928894043,-13.930008888244629,-18.531600952148438,-13.823415756225586,-4.545590400695801,-4.708185195922852,-18.673913955688477,-14.018206596374512,-18.373136520385742,-13.769157409667969,-4.655707359313965,-4.603979110717773,0.11011695861816406,0.10420608520507812,0.1071615219116211,True,True,
pair_0077,20,01,02,01,pair_0077_happy,pair_0077_sad,upper_prompt__lower_spaced,Listen to the speech. Is the speaker HAPPY or SAD? Answer only HAPPY or SAD., happy, sad,[6247],[12421],17,layer_17,post_decoder_block_output,audio_tokens,-18.271272659301758,-14.129005432128906,-18.48236846923828,-14.481040000915527,-4.142267227172852,-4.001328468322754,-18.647720336914062,-14.511467933654785,-18.10433578491211,-14.073829650878906,-4.136252403259277,-4.030506134033203,-0.006014823913574219,-0.02917766571044922,-0.01759624481201172,False,False,
pair_0078,20,02,01,01,pair_0078_happy,pair_0078_sad,upper_prompt__lower_spaced,Listen to the speech. Is the speaker HAPPY or SAD? Answer only HAPPY or SAD., happy, sad,[6247],[12421],17,layer_17,post_decoder_block_output,audio_tokens,-18.257326126098633,-14.755581855773926,-18.208616256713867,-14.755860328674316,-3.501744270324707,-3.452755928039551,-18.282085418701172,-15.103506088256836,-18.131752014160156,-14.129108428955078,-3.178579330444336,-4.002643585205078,-0.3231649398803711,-0.5498876571655273,-0.4365262985229492,False,False,
pair_0079,20,02,02,01,pair_0079_happy,pair_0079_sad,upper_prompt__lower_spaced,Listen to the speech. Is the speaker HAPPY or SAD? Answer only HAPPY or SAD., happy, sad,[6247],[12421],17,layer_17,post_decoder_block_output,audio_tokens,-18.42920684814453,-14.564261436462402,-17.751972198486328,-14.094348907470703,-3.864945411682129,-3.657623291015625,-18.214887619018555,-14.451979637145996,-17.938331604003906,-14.195968627929688,-3.7629079818725586,-3.7423629760742188,-0.10203742980957031,-0.08473968505859375,-0.09338855743408203,False,False,
pair_0080,21,01,01,01,pair_0080_happy,pair_0080_sad,upper_prompt__lower_spaced,Listen to the speech. Is the speaker HAPPY or SAD? Answer only HAPPY or SAD., happy, sad,[6247],[12421],17,layer_17,post_decoder_block_output,audio_tokens,-18.470245361328125,-14.200312614440918,-18.25367546081543,-14.158926010131836,-4.269932746887207,-4.094749450683594,-18.335546493530273,-13.98083209991455,-18.36192512512207,-14.369549751281738,-4.354714393615723,-3.992375373840332,0.08478164672851562,0.10237407684326172,0.09357786178588867,True,True,
pair_0081,21,01,02,01,pair_0081_happy,pair_0081_sad,upper_prompt__lower_spaced,Listen to the speech. Is the speaker HAPPY or SAD? Answer only HAPPY or SAD., happy, sad,[6247],[12421],17,layer_17,post_decoder_block_output,audio_tokens,-18.46053123474121,-14.23830509185791,-18.299312591552734,-14.097284317016602,-4.222226142883301,-4.202028274536133,-18.477535247802734,-14.086668014526367,-18.28985595703125,-14.254136085510254,-4.390867233276367,-4.035719871520996,0.1686410903930664,0.16630840301513672,0.16747474670410156,True,True,
pair_0082,21,02,01,01,pair_0082_happy,pair_0082_sad,upper_prompt__lower_spaced,Listen to the speech. Is the speaker HAPPY or SAD? Answer only HAPPY or SAD., happy, sad,[6247],[12421],17,layer_17,post_decoder_block_output,audio_tokens,-17.97361183166504,-14.197131156921387,-17.829065322875977,-14.487285614013672,-3.7764806747436523,-3.3417797088623047,-18.03932762145996,-14.237295150756836,-17.74977684020996,-14.454460144042969,-3.802032470703125,-3.295316696166992,0.025551795959472656,0.0464630126953125,0.03600740432739258,True,True,
pair_0083,21,02,02,01,pair_0083_happy,pair_0083_sad,upper_prompt__lower_spaced,Listen to the speech. Is the speaker HAPPY or SAD? Answer only HAPPY or SAD., happy, sad,[6247],[12421],17,layer_17,post_decoder_block_output,audio_tokens,-17.93297576904297,-14.61596965789795,-18.092235565185547,-14.633484840393066,-3.3170061111450195,-3.4587507247924805,-17.892902374267578,-14.621603012084961,-18.12826156616211,-14.630702018737793,-3.271299362182617,-3.4975595474243164,-0.045706748962402344,-0.03880882263183594,-0.04225778579711914,False,False,
pair_0084,22,01,01,01,pair_0084_happy,pair_0084_sad,upper_prompt__lower_spaced,Listen to the speech. Is the speaker HAPPY or SAD? Answer only HAPPY or SAD., happy, sad,[6247],[12421],17,layer_17,post_decoder_block_output,audio_tokens,-18.682262420654297,-14.192432403564453,-18.470258712768555,-13.706429481506348,-4.489830017089844,-4.763829231262207,-18.618839263916016,-14.109984397888184,-18.544403076171875,-13.79147720336914,-4.508854866027832,-4.752925872802734,0.01902484893798828,0.010903358459472656,0.014964103698730469,True,True,
pair_0085,22,01,02,01,pair_0085_happy,pair_0085_sad,upper_prompt__lower_spaced,Listen to the speech. Is the speaker HAPPY or SAD? Answer only HAPPY or SAD., happy, sad,[6247],[12421],17,layer_17,post_decoder_block_output,audio_tokens,-18.272850036621094,-14.236717224121094,-18.724578857421875,-14.284399032592773,-4.0361328125,-4.440179824829102,-18.374359130859375,-14.092780113220215,-18.63301658630371,-14.410658836364746,-4.28157901763916,-4.222357749938965,0.24544620513916016,0.21782207489013672,0.23163414001464844,True,True,
pair_0086,22,02,01,01,pair_0086_happy,pair_0086_sad,upper_prompt__lower_spaced,Listen to the speech. Is the speaker HAPPY or SAD? Answer only HAPPY or SAD., happy, sad,[6247],[12421],17,layer_17,post_decoder_block_output,audio_tokens,-18.112878799438477,-14.50664234161377,-18.061094284057617,-14.396312713623047,-3.606236457824707,-3.6647815704345703,-18.213815689086914,-14.526771545410156,-17.953420639038086,-14.36648178100586,-3.687044143676758,-3.5869388580322266,0.08080768585205078,0.07784271240234375,0.07932519912719727,True,True,
pair_0087,22,02,02,01,pair_0087_happy,pair_0087_sad,upper_prompt__lower_spaced,Listen to the speech. Is the speaker HAPPY or SAD? Answer only HAPPY or SAD., happy, sad,[6247],[12421],17,layer_17,post_decoder_block_output,audio_tokens,-17.975412368774414,-14.336179733276367,-17.852388381958008,-14.33988094329834,-3.639232635498047,-3.512507438659668,-17.914371490478516,-14.40013313293457,-17.90139389038086,-14.290976524353027,-3.5142383575439453,-3.610417366027832,-0.12499427795410156,-0.09790992736816406,-0.11145210266113281,False,False,
pair_0088,23,01,01,01,pair_0088_happy,pair_0088_sad,upper_prompt__lower_spaced,Listen to the speech. Is the speaker HAPPY or SAD? Answer only HAPPY or SAD., happy, sad,[6247],[12421],17,layer_17,post_decoder_block_output,audio_tokens,-18.47939682006836,-14.078022956848145,-18.001972198486328,-13.984725952148438,-4.401373863220215,-4.017246246337891,-18.457355499267578,-13.832605361938477,-18.055355072021484,-14.232736587524414,-4.624750137329102,-3.8226184844970703,0.22337627410888672,0.1946277618408203,0.20900201797485352,True,True,
pair_0089,23,01,02,01,pair_0089_happy,pair_0089_sad,upper_prompt__lower_spaced,Listen to the speech. Is the speaker HAPPY or SAD? Answer only HAPPY or SAD., happy, sad,[6247],[12421],17,layer_17,post_decoder_block_output,audio_tokens,-18.697004318237305,-14.208320617675781,-18.652122497558594,-14.244013786315918,-4.488683700561523,-4.408108711242676,-18.784547805786133,-14.221373558044434,-18.538856506347656,-14.196900367736816,-4.563174247741699,-4.34195613861084,0.07449054718017578,0.06615257263183594,0.07032155990600586,True,True,
pair_0090,23,02,01,01,pair_0090_happy,pair_0090_sad,upper_prompt__lower_spaced,Listen to the speech. Is the speaker HAPPY or SAD? Answer only HAPPY or SAD., happy, sad,[6247],[12421],17,layer_17,post_decoder_block_output,audio_tokens,-18.12325668334961,-14.155843734741211,-17.865354537963867,-14.407626152038574,-3.9674129486083984,-3.457728385925293,-18.199357986450195,-14.308028221130371,-17.758407592773438,-14.287781715393066,-3.891329765319824,-3.470625877380371,-0.07608318328857422,-0.012897491455078125,-0.04449033737182617,False,False,
pair_0091,23,02,02,01,pair_0091_happy,pair_0091_sad,upper_prompt__lower_spaced,Listen to the speech. Is the speaker HAPPY or SAD? Answer only HAPPY or SAD., happy, sad,[6247],[12421],17,layer_17,post_decoder_block_output,audio_tokens,-18.110824584960938,-14.51156234741211,-17.68675994873047,-14.507476806640625,-3.599262237548828,-3.1792831420898438,-18.084510803222656,-14.311515808105469,-17.7624568939209,-14.765251159667969,-3.7729949951171875,-2.9972057342529297,0.17373275756835938,0.18207740783691406,0.17790508270263672,True,True,
pair_0092,24,01,01,01,pair_0092_happy,pair_0092_sad,upper_prompt__lower_spaced,Listen to the speech. Is the speaker HAPPY or SAD? Answer only HAPPY or SAD., happy, sad,[6247],[12421],17,layer_17,post_decoder_block_output,audio_tokens,-18.272140502929688,-14.17473030090332,-18.658676147460938,-13.953152656555176,-4.097410202026367,-4.705523490905762,-18.57134437561035,-14.162137031555176,-18.362712860107422,-13.960583686828613,-4.409207344055176,-4.402129173278809,0.3117971420288086,0.3033943176269531,0.30759572982788086,True,True,
pair_0093,24,01,02,01,pair_0093_happy,pair_0093_sad,upper_prompt__lower_spaced,Listen to the speech. Is the speaker HAPPY or SAD? Answer only HAPPY or SAD., happy, sad,[6247],[12421],17,layer_17,post_decoder_block_output,audio_tokens,-18.38443946838379,-14.200296401977539,-18.802410125732422,-14.208366394042969,-4.18414306640625,-4.594043731689453,-18.56170654296875,-14.098531723022461,-18.630023956298828,-14.305419921875,-4.463174819946289,-4.324604034423828,0.27903175354003906,0.269439697265625,0.27423572540283203,True,True,
pair_0094,24,02,01,01,pair_0094_happy,pair_0094_sad,upper_prompt__lower_spaced,Listen to the speech. Is the speaker HAPPY or SAD? Answer only HAPPY or SAD., happy, sad,[6247],[12421],17,layer_17,post_decoder_block_output,audio_tokens,-18.109331130981445,-14.389881134033203,-17.85662269592285,-14.2269926071167,-3.719449996948242,-3.6296300888061523,-18.307647705078125,-14.415013313293457,-17.662349700927734,-14.232630729675293,-3.892634391784668,-3.4297189712524414,0.17318439483642578,0.19991111755371094,0.18654775619506836,True,True,
pair_0095,24,02,02,01,pair_0095_happy,pair_0095_sad,upper_prompt__lower_spaced,Listen to the speech. Is the speaker HAPPY or SAD? Answer only HAPPY or SAD., happy, sad,[6247],[12421],17,layer_17,post_decoder_block_output,audio_tokens,-17.84119987487793,-14.09777545928955,-17.919200897216797,-14.292767524719238,-3.743424415588379,-3.6264333724975586,-17.891963958740234,-14.226277351379395,-17.875337600708008,-14.165383338928223,-3.66568660736084,-3.709954261779785,-0.07773780822753906,-0.08352088928222656,-0.08062934875488281,False,False,
