blocks,component,statement,condition,metric,mean,ci_low,ci_high
0:0,attention,01,within,mean_within_fold_auc,0.4375,0.375,0.48958333333333337
1:23,attention,01,within,mean_within_fold_auc,-0.2500000000000002,-0.45833333333333326,-0.05208333333333337
0:0,mlp,01,within,mean_within_fold_auc,0.03125,0.0,0.08333333333333337
1:23,mlp,01,within,mean_within_fold_auc,2.220446049250313e-16,-0.17708333333333365,0.1874999999999999
0:0,attention,01,within,pooled_roc_auc,0.45095486111111116,0.39626736111111116,0.49045138888888884
1:23,attention,01,within,pooled_roc_auc,-0.26822916666666663,-0.4214409722222218,-0.11457248263888878
0:0,mlp,01,within,pooled_roc_auc,-0.0008680555555555802,-0.01866319444444442,0.02170138888888895
1:23,mlp,01,within,pooled_roc_auc,-0.007378472222222321,-0.12977430555555558,0.10416666666666619
0:0,attention,01,within,accuracy,0.39583333333333337,0.32291666666666663,0.45833333333333337
1:23,attention,01,within,accuracy,-0.35416666666666674,-0.5520833333333331,-0.16666666666666685
0:0,mlp,01,within,accuracy,-0.02083333333333337,-0.0625,0.02083333333333326
1:23,mlp,01,within,accuracy,0.11458333333333337,-0.03125000000000033,0.2708333333333332
0:0,attention,01,cross,mean_within_fold_auc,0.4375,0.375,0.48958333333333337
1:23,attention,01,cross,mean_within_fold_auc,-0.43750000000000017,-0.6770833333333338,-0.17708333333333343
0:0,mlp,01,cross,mean_within_fold_auc,0.0,-0.0625,0.0625
1:23,mlp,01,cross,mean_within_fold_auc,-0.06249999999999983,-0.3229166666666667,0.1874999999999999
0:0,attention,01,cross,pooled_roc_auc,0.41623263888888884,0.3546006944444444,0.46701388888888884
1:23,attention,01,cross,pooled_roc_auc,-0.33897569444444436,-0.5017469618055559,-0.16579861111111088
0:0,mlp,01,cross,pooled_roc_auc,-0.00868055555555547,-0.05425347222222221,0.029958767361111024
1:23,mlp,01,cross,pooled_roc_auc,-0.08550347222222232,-0.26389973958333335,0.08377821180555534
0:0,attention,01,cross,accuracy,0.30208333333333337,0.20833333333333337,0.38541666666666663
1:23,attention,01,cross,accuracy,-0.42708333333333354,-0.6666666666666666,-0.20833333333333304
0:0,mlp,01,cross,accuracy,0.04166666666666663,0.0,0.09375
1:23,mlp,01,cross,accuracy,0.08333333333333354,-0.11458333333333326,0.2916666666666667
0:0,attention,01,gap,mean_within_fold_auc,0.0,-0.07291666666666663,0.08333333333333337
1:23,attention,01,gap,mean_within_fold_auc,0.18749999999999994,-0.13541666666666674,0.5208333333333326
0:0,mlp,01,gap,mean_within_fold_auc,0.03125,-0.04166666666666663,0.10416666666666663
1:23,mlp,01,gap,mean_within_fold_auc,0.06250000000000006,-0.2604166666666665,0.3958333333333336
0:0,attention,01,gap,pooled_roc_auc,0.03472222222222232,-0.00477430555555558,0.08116319444444442
1:23,attention,01,gap,pooled_roc_auc,0.07074652777777773,-0.15928819444444448,0.30296223958333346
0:0,mlp,01,gap,pooled_roc_auc,0.007812499999999889,-0.03125,0.0542643229166666
1:23,mlp,01,gap,pooled_roc_auc,0.078125,-0.139767795138889,0.2938368055555558
0:0,attention,01,gap,accuracy,0.09375,-0.01041666666666663,0.19791666666666674
1:23,attention,01,gap,accuracy,0.0729166666666668,-0.18750000000000033,0.33333333333333354
0:0,mlp,01,gap,accuracy,-0.0625,-0.13541666666666652,0.0
1:23,mlp,01,gap,accuracy,0.031249999999999833,-0.21875000000000017,0.29166666666666685
0:0,attention,02,within,mean_within_fold_auc,0.4375,0.39583333333333337,0.47916666666666663
1:23,attention,02,within,mean_within_fold_auc,-0.20833333333333337,-0.4062500000000002,-0.02083333333333326
0:0,mlp,02,within,mean_within_fold_auc,-0.03125,-0.07291666666666674,0.01041666666666663
1:23,mlp,02,within,mean_within_fold_auc,0.0,-0.17708333333333326,0.1874999999999999
0:0,attention,02,within,pooled_roc_auc,0.3823784722222222,0.30208333333333337,0.45963541666666663
1:23,attention,02,within,pooled_roc_auc,-0.09505208333333337,-0.269097222222222,0.06032986111111094
0:0,mlp,02,within,pooled_roc_auc,-0.03342013888888884,-0.07291666666666674,-0.0017361111111111605
1:23,mlp,02,within,pooled_roc_auc,-0.03776041666666663,-0.1514756944444443,0.07726779513888934
0:0,attention,02,within,accuracy,0.30208333333333337,0.21875,0.38541666666666663
1:23,attention,02,within,accuracy,0.12499999999999978,-0.10416666666666696,0.3437500000000002
0:0,mlp,02,within,accuracy,-0.0625,-0.125,0.0
1:23,mlp,02,within,accuracy,-0.15624999999999978,-0.3125,0.010416666666666852
0:0,attention,02,cross,mean_within_fold_auc,0.45833333333333337,0.38541666666666663,0.5
1:23,attention,02,cross,mean_within_fold_auc,0.05208333333333315,-0.20833333333333326,0.32291666666666663
0:0,mlp,02,cross,mean_within_fold_auc,-0.04166666666666674,-0.09375,0.0
1:23,mlp,02,cross,mean_within_fold_auc,-0.1979166666666664,-0.3750000000000001,-0.02083333333333326
0:0,attention,02,cross,pooled_roc_auc,0.42404513888888884,0.35416666666666663,0.4830837673611109
1:23,attention,02,cross,pooled_roc_auc,-0.29470486111111127,-0.46701388888888906,-0.09503038194444491
0:0,mlp,02,cross,pooled_roc_auc,-0.0026041666666666297,-0.02690972222222221,0.01302083333333337
1:23,mlp,02,cross,pooled_roc_auc,-0.005208333333333148,-0.16015625000000017,0.1254340277777778
0:0,attention,02,cross,accuracy,0.36458333333333337,0.29166666666666663,0.42708333333333337
1:23,attention,02,cross,accuracy,-0.3437500000000002,-0.5312500000000002,-0.14583333333333337
0:0,mlp,02,cross,accuracy,0.01041666666666663,-0.0625,0.07291666666666674
1:23,mlp,02,cross,accuracy,-0.02083333333333315,-0.22916666666666635,0.17708333333333293
0:0,attention,02,gap,mean_within_fold_auc,-0.02083333333333337,-0.08333333333333337,0.0625
1:23,attention,02,gap,mean_within_fold_auc,-0.2604166666666665,-0.5312500000000003,-2.761679773755279e-16
0:0,mlp,02,gap,mean_within_fold_auc,0.01041666666666674,-0.05208333333333326,0.07291666666666663
1:23,mlp,02,gap,mean_within_fold_auc,0.1979166666666664,0.05208333333333326,0.35416666666666674
0:0,attention,02,gap,pooled_roc_auc,-0.04166666666666663,-0.09852430555555558,0.003472222222222321
1:23,attention,02,gap,pooled_roc_auc,0.1996527777777779,-0.11328124999999989,0.45704210069444373
0:0,mlp,02,gap,pooled_roc_auc,-0.03081597222222221,-0.07595486111111116,0.00868055555555547
1:23,mlp,02,gap,pooled_roc_auc,-0.03255208333333348,-0.21614583333333315,0.18534071180555567
0:0,attention,02,gap,accuracy,-0.0625,-0.125,0.0
1:23,attention,02,gap,accuracy,0.46875,0.18749999999999978,0.7187500000000004
0:0,mlp,02,gap,accuracy,-0.07291666666666663,-0.17708333333333326,0.02083333333333337
1:23,mlp,02,gap,accuracy,-0.13541666666666663,-0.34375,0.09375000000000011
0:0,attention,combined,within,mean_within_fold_auc,0.4375,0.39583333333333337,0.47395833333333337
1:23,attention,combined,within,mean_within_fold_auc,-0.22916666666666685,-0.38020833333333326,-0.08333333333333326
0:0,mlp,combined,within,mean_within_fold_auc,0.0,-0.03125,0.03645833333333337
1:23,mlp,combined,within,mean_within_fold_auc,2.220446049250313e-16,-0.11458333333333315,0.10937500000000022
0:0,attention,combined,within,pooled_roc_auc,0.4165581597222222,0.35676812065972224,0.47016330295138886
1:23,attention,combined,within,pooled_roc_auc,-0.17046440972222232,-0.3027398003472222,-0.04861111111111127
0:0,mlp,combined,within,pooled_roc_auc,-0.01725260416666663,-0.03645833333333337,0.0004340277777777901
1:23,mlp,combined,within,pooled_roc_auc,-0.02929687499999989,-0.11035970052083342,0.05132649739583349
0:0,attention,combined,within,accuracy,0.34895833333333337,0.28645833333333337,0.41145833333333337
1:23,attention,combined,within,accuracy,-0.11458333333333315,-0.2656249999999999,0.03125000000000011
0:0,mlp,combined,within,accuracy,-0.04166666666666674,-0.078125,-0.005208333333333259
1:23,mlp,combined,within,accuracy,-0.02083333333333348,-0.13020833333333348,0.09374999999999989
0:0,attention,combined,cross,mean_within_fold_auc,0.44791666666666663,0.39583333333333337,0.48958333333333337
1:23,attention,combined,cross,mean_within_fold_auc,-0.1927083333333336,-0.3749999999999998,-3.3029134982602446e-16
0:0,mlp,combined,cross,mean_within_fold_auc,-0.02083333333333326,-0.05729166666666663,0.015625
1:23,mlp,combined,cross,mean_within_fold_auc,-0.13020833333333315,-0.3125,0.04687499999999978
0:0,attention,combined,cross,pooled_roc_auc,0.4185112847222222,0.36805284288194445,0.4625678168402777
1:23,attention,combined,cross,pooled_roc_auc,-0.22905815972222243,-0.3121744791666665,-0.1366102430555559
0:0,mlp,combined,cross,pooled_roc_auc,-0.0031467013888888395,-0.025284830729166687,0.014756944444444423
1:23,mlp,combined,cross,pooled_roc_auc,-0.1450737847222221,-0.2251519097222221,-0.06857638888888927
0:0,attention,combined,cross,accuracy,0.33333333333333337,0.27604166666666663,0.390625
1:23,attention,combined,cross,accuracy,-0.38541666666666646,-0.5364583333333334,-0.2343750000000004
0:0,mlp,combined,cross,accuracy,0.02604166666666663,-0.00520833333333337,0.05729166666666663
1:23,mlp,combined,cross,accuracy,0.031249999999999833,-0.10937499999999989,0.16666666666666685
0:0,attention,combined,gap,mean_within_fold_auc,-0.01041666666666663,-0.06770833333333326,0.046875
1:23,attention,combined,gap,mean_within_fold_auc,-0.03645833333333326,-0.23437500000000006,0.16145833333333315
0:0,mlp,combined,gap,mean_within_fold_auc,0.02083333333333326,-0.03124999999999989,0.078125
1:23,mlp,combined,gap,mean_within_fold_auc,0.13020833333333337,-0.041666666666667074,0.3020833333333335
0:0,attention,combined,gap,pooled_roc_auc,-0.001953125,-0.03396267361111116,0.026041666666666633
1:23,attention,combined,gap,pooled_roc_auc,0.05859375000000011,-0.10319010416666664,0.1971598307291662
0:0,mlp,combined,gap,pooled_roc_auc,-0.01410590277777779,-0.03190104166666674,0.004340277777777901
1:23,mlp,combined,gap,pooled_roc_auc,0.11577690972222221,0.018988715277778442,0.22840711805555536
0:0,attention,combined,gap,accuracy,0.015625,-0.04166666666666663,0.07291666666666663
1:23,attention,combined,gap,accuracy,0.2708333333333333,0.08333333333333337,0.46354166666666663
0:0,mlp,combined,gap,accuracy,-0.06770833333333337,-0.125,-0.01041666666666663
1:23,mlp,combined,gap,accuracy,-0.052083333333333315,-0.21354166666666685,0.11458333333333376
